start_ip,end_ip,join_key,name,country,mcc,mnc
153.169.148.0,153.169.149.255,153.169.0.0,NTT docomo,JP,440,10
2405:204:8b::,2405:204:8c:ffff:ffff:ffff:ffff:ffff,2405:204::,Jio,IN,405,840
114.175.132.0,114.175.132.255,114.175.0.0,NTT docomo,JP,440,10
114.173.246.0,114.173.246.255,114.173.0.0,NTT docomo,JP,440,10
223.230.176.0,223.230.255.255,223.230.0.0,Airtel,IN,405,52
45.23.130.0,45.23.130.255,45.23.0.0,AT&T,US,310,410
74.57.113.0,74.57.113.255,74.57.0.0,Videotron,CA,302,500
2401:d800:bb73::,2401:d800:bb7b:ffff:ffff:ffff:ffff:ffff,2401:d800:8000::,Viettel Mobile,VN,452,04
107.255.160.94,107.255.160.94,107.255.0.0,AT&T,US,310,410
2607:fb90:e9e1::,2607:fb90:e9e1:ffff:ffff:ffff:ffff:ffff,2607:fb90:c000::,T-Mobile,US,310,260
119.83.32.0,119.83.32.255,119.83.0.0,NTT docomo,JP,440,10
2600:1702:11a0::,2600:1702:11a0:ffff:ffff:ffff:ffff:ffff,2600:1702::,Verizon,US,310,012
2607:fb90:3e0e::,2607:fb90:3e0e:ffff:ffff:ffff:ffff:ffff,2607:fb90::,T-Mobile,US,310,260
99.170.116.0,99.170.117.255,99.170.0.0,AT&T,US,310,410
2001:268:996a::,2001:268:996c:ffff:ffff:ffff:ffff:ffff,2001:268:8000::,au,JP,440,50
2600:100c:b030::,2600:100c:b038:ffff:ffff:ffff:ffff:ffff,2600:100c:8000::,Verizon,US,310,012
2402:e000:629::,2402:e000:629:ffff:ffff:ffff:ffff:ffff,2402:e000::,Telenor,PK,410,06
107.117.194.0,107.117.194.255,107.117.0.0,AT&T,US,310,410
2402:800:4354::,2402:800:4354:ffff:ffff:ffff:ffff:ffff,2402:800:4000::,Viettel Mobile,VN,452,04
2001:268:9b64::,2001:268:9b64:ffff:ffff:ffff:ffff:ffff,2001:268:8000::,au,JP,440,50
2a00:f41:488e::,2a00:f41:488f:ffff:ffff:ffff:ffff:ffff,2a00:f41:4000::,Orange,PL,260,03
37.215.25.0,37.215.25.255,37.215.0.0,MTS,BY,257,02
70.53.120.0,70.53.120.255,70.53.0.0,Bell Mobility,CA,302,610
2409:4055:2dc7::,2409:4055:2dc7:ffff:ffff:ffff:ffff:ffff,2409:4055::,Jio,IN,405,840
2001:2d8:ee4d::,2001:2d8:ee4e:ffff:ffff:ffff:ffff:ffff,2001:2d8:c000::,SKTelecom,KR,450,05
108.241.70.0,108.241.70.255,108.241.0.0,AT&T,US,310,410
201.148.236.0,201.148.236.255,201.148.0.0,Claro,BR,724,05
109.52.151.0,109.52.151.255,109.52.0.0,TIM,IT,222,01
2600:100e:bf16::,2600:100e:bf16:ffff:ffff:ffff:ffff:ffff,2600:100e:8000::,Verizon,US,310,012
149.140.38.0,149.140.39.255,149.140.0.0,Vodafone,TR,286,02
2804:14d:4482::,2804:14d:4482:ffff:ffff:ffff:ffff:ffff,2804:14d:4000::,Vivo,BR,724,06
153.212.120.0,153.212.120.255,153.212.0.0,NTT docomo,JP,440,10
2a01:cb09:e023::,2a01:cb09:e023:ffff:ffff:ffff:ffff:ffff,2a01:cb09:c000::,Orange,FR,208,01
126.34.120.0,126.34.127.255,126.34.0.0,SoftBank,JP,440,20
75.210.112.0,75.210.112.255,75.210.0.0,Verizon,US,310,012
37.121.28.0,37.121.28.255,37.121.0.0,Mobily,SA,420,03
154.108.248.0,154.108.251.255,154.108.0.0,Ooredoo,TN,605,03
2a01:cb1a:4061::,2a01:cb1a:4061:ffff:ffff:ffff:ffff:ffff,2a01:cb1a:4000::,Orange,FR,208,01
185.185.55.0,185.185.55.255,185.185.0.0,Movistar,ES,214,07
108.243.125.0,108.243.125.255,108.243.0.0,AT&T,US,310,410
153.130.244.0,153.130.244.255,153.130.0.0,NTT docomo,JP,440,10
240a:d:4830::,240a:d:4832:ffff:ffff:ffff:ffff:ffff,240a:d:4000::,NTT docomo,JP,440,10
153.181.78.0,153.181.78.255,153.181.0.0,NTT docomo,JP,440,10
102.144.255.0,102.144.255.255,102.144.0.0,Airtel,ZM,645,01
2600:1014:9000::,2600:1014:900f:ffff:ffff:ffff:ffff:ffff,2600:1014:8000::,Verizon,US,310,012
2607:fb90:5ad0::,2607:fb90:5ad2:ffff:ffff:ffff:ffff:ffff,2607:fb90:4000::,T-Mobile,US,310,260
2001:44c8:426b::,2001:44c8:426c:ffff:ffff:ffff:ffff:ffff,2001:44c8:4000::,AIS,TH,520,03
99.7.153.0,99.7.153.255,99.7.0.0,AT&T,US,310,410
2803:d100:e240::,2803:d100:e240:ffff:ffff:ffff:ffff:ffff,2803:d100:c000::,Claro,GT,704,03
2607:fb90:6ad5::,2607:fb90:6ad5:ffff:ffff:ffff:ffff:ffff,2607:fb90:4000::,T-Mobile,US,310,260
2600:380:b153::,2600:380:b154:ffff:ffff:ffff:ffff:ffff,2600:380:8000::,AT&T,US,310,410
117.139.0.0,117.139.255.255,117.139.0.0,China Mobile,CN,460,00
146.251.73.0,146.251.76.255,146.251.0.0,Mobily,SA,420,03
2409:4070:4082::,2409:4070:4082:ffff:ffff:ffff:ffff:ffff,2409:4070:4000::,Jio,IN,405,840
122.24.66.0,122.24.66.255,122.24.0.0,NTT docomo,JP,440,10
196.227.104.0,196.227.116.255,196.227.0.0,Orange,TN,605,01
2603:7080:aa01::,2603:7080:aa01:ffff:ffff:ffff:ffff:ffff,2603:7080:8000::,U.S. Cellular,US,311,580
51.39.240.0,51.39.241.255,51.39.0.0,Zain SA,SA,420,04
2a04:cec0:1132::,2a04:cec0:1135:ffff:ffff:ffff:ffff:ffff,2a04:cec0::,Bouygues,FR,208,20
2a00:23c8:4200::,2a00:23c8:4200:ffff:ffff:ffff:ffff:ffff,2a00:23c8:4000::,BT,GB,234,00
153.172.251.0,153.172.251.255,153.172.0.0,NTT docomo,JP,440,10
2402:800:629d::,2402:800:629d:ffff:ffff:ffff:ffff:ffff,2402:800:4000::,MobiFone,VN,452,01
2401:d800:2734::,2401:d800:2736:ffff:ffff:ffff:ffff:ffff,2401:d800::,Viettel Mobile,VN,452,04
2a02:8440:221b::,2a02:8440:221b:ffff:ffff:ffff:ffff:ffff,2a02:8440::,SFR,FR,208,09
97.155.5.0,97.155.5.255,97.155.0.0,Verizon,US,310,012
99.96.128.0,99.96.128.255,99.96.0.0,AT&T,US,310,410
2607:fb90:e996::,2607:fb90:e997:ffff:ffff:ffff:ffff:ffff,2607:fb90:c000::,T-Mobile,US,310,260
207.134.190.0,207.134.190.255,207.134.0.0,"Telus Mobility, Koodo Mobile, Public Mobile",CA,302,220
106.207.202.0,106.207.202.255,106.207.0.0,Airtel,IN,404,02
109.54.93.0,109.54.93.255,109.54.0.0,TIM,IT,222,01
5.250.9.0,5.250.10.255,5.250.0.0,IR-TCI (Hamrah-e-Avval),IR,432,11
5.0.238.0,5.0.241.255,5.0.0.0,Syriatel,SY,417,01
2607:fb91:21c::,2607:fb91:21d:ffff:ffff:ffff:ffff:ffff,2607:fb91::,T-Mobile,US,310,260
2401:d800:430::,2401:d800:430:ffff:ffff:ffff:ffff:ffff,2401:d800::,Viettel Mobile,VN,452,04
2607:fb91:e9c::,2607:fb91:e9c:ffff:ffff:ffff:ffff:ffff,2607:fb91::,T-Mobile,US,310,260
97.150.35.0,97.150.35.255,97.150.0.0,Verizon,US,310,012
153.228.226.0,153.228.226.255,153.228.0.0,NTT docomo,JP,440,10
39.34.130.0,39.34.130.255,39.34.0.0,Ufone,PK,410,03
153.225.12.0,153.225.12.255,153.225.0.0,NTT docomo,JP,440,10
201.162.245.0,201.162.246.255,201.162.0.0,Movistar,MX,334,030
107.231.6.185,107.231.255.255,107.231.0.0,AT&T,US,310,410
23.114.51.0,23.114.55.255,23.114.0.0,AT&T,US,310,410
99.122.28.0,99.122.28.255,99.122.0.0,AT&T,US,310,410
2a00:23c6:4190::,2a00:23c6:4190:ffff:ffff:ffff:ffff:ffff,2a00:23c6:4000::,BT,GB,234,00
197.210.172.0,197.210.173.255,197.210.0.0,MTN,NG,621,30
106.174.142.0,106.174.142.255,106.174.0.0,au,JP,440,50
86.169.62.0,86.169.62.255,86.169.0.0,BT,GB,234,00
14.255.26.0,14.255.26.255,14.255.0.0,Vinaphone,VN,452,02
2401:d800:d300::,2401:d800:d307:ffff:ffff:ffff:ffff:ffff,2401:d800:c000::,Viettel Mobile,VN,452,04
181.115.62.0,181.115.64.255,181.115.0.0,Claro,CR,712,03
2607:fb90:8901::,2607:fb90:8901:ffff:ffff:ffff:ffff:ffff,2607:fb90:8000::,T-Mobile,US,310,260
90.144.0.0,90.144.255.255,90.144.0.0,Tele2,SE,240,07
104.185.135.0,104.185.135.255,104.185.0.0,AT&T,US,310,410
95.75.22.0,95.75.22.255,95.75.0.0,TIM,IT,222,01
102.173.227.0,102.173.230.255,102.173.0.0,Ooredoo,TN,605,03
2607:fb90:8a05::,2607:fb90:8a06:ffff:ffff:ffff:ffff:ffff,2607:fb90:8000::,T-Mobile,US,310,260
72.140.0.0,72.140.0.255,72.140.0.0,Rogers Wireless,CA,302,720
46.230.17.0,46.230.17.255,46.230.0.0,Mobily,SA,420,03
76.248.213.0,76.248.215.255,76.248.0.0,AT&T,US,310,410
113.211.96.0,113.211.191.255,113.211.0.0,Maxis,MY,502,12
61.5.197.0,61.5.198.255,61.5.0.0,AWCC,AF,412,01
2409:4072:6100::,2409:4072:6100:ffff:ffff:ffff:ffff:ffff,2409:4072:4000::,Jio,IN,405,840
153.211.117.0,153.211.118.255,153.211.0.0,NTT docomo,JP,440,10
2409:4052:2487::,2409:4052:248e:ffff:ffff:ffff:ffff:ffff,2409:4052::,Jio,IN,405,840
2409:4061:2d97::,2409:4061:2d97:ffff:ffff:ffff:ffff:ffff,2409:4061::,Jio,IN,405,840
86.170.173.0,86.170.173.255,86.170.0.0,BT,GB,234,00
97.150.2.0,97.150.2.255,97.150.0.0,Verizon,US,310,012
95.74.206.0,95.74.206.255,95.74.0.0,TIM,IT,222,01
99.14.248.0,99.14.248.255,99.14.0.0,AT&T,US,310,410
97.145.51.0,97.145.53.255,97.145.0.0,Verizon,US,310,012
154.108.70.0,154.108.71.255,154.108.0.0,Ooredoo,TN,605,03
2607:fc20:f01d::,2607:fc20:f01d:ffff:ffff:ffff:ffff:ffff,2607:fc20:c000::,T-Mobile,US,310,260
91.75.84.0,91.75.87.255,91.75.0.0,du,AE,424,03
23.122.18.0,23.122.18.255,23.122.0.0,AT&T,US,310,410
24.184.219.0,24.184.219.255,24.184.0.0,T-Mobile,US,310,260
87.123.240.0,87.123.247.255,87.123.0.0,O2,DE,262,03
2402:800:9570::,2402:800:9570:ffff:ffff:ffff:ffff:ffff,2402:800:8000::,Viettel Mobile,VN,452,04
2607:fb90:e3b1::,2607:fb90:e3b3:ffff:ffff:ffff:ffff:ffff,2607:fb90:c000::,T-Mobile,US,310,260
196.88.235.0,196.88.255.255,196.88.0.0,IAM,MA,604,01
68.196.240.0,68.196.240.255,68.196.0.0,T-Mobile,US,310,260
67.81.128.0,67.81.129.255,67.81.0.0,T-Mobile,US,310,260
86.175.191.0,86.175.191.255,86.175.0.0,BT,GB,234,00
107.205.8.0,107.205.8.255,107.205.0.0,AT&T,US,310,410
2607:fb91:7989::,2607:fb91:7989:ffff:ffff:ffff:ffff:ffff,2607:fb91:4000::,T-Mobile,US,310,260
1.39.203.0,1.39.203.255,1.39.0.0,Vi India,IN,404,22
2a00:1fa0:4899::,2a00:1fa0:48a8:ffff:ffff:ffff:ffff:ffff,2a00:1fa0:4000::,MTS,RU,250,01
110.224.234.0,110.224.234.255,110.224.0.0,Airtel,IN,404,02
2a00:1fa0:428a::,2a00:1fa0:428c:ffff:ffff:ffff:ffff:ffff,2a00:1fa0:4000::,MTS,RU,250,01
107.134.116.0,107.134.116.255,107.134.0.0,AT&T,US,310,410
2a00:1fa3:55e::,2a00:1fa3:56e:ffff:ffff:ffff:ffff:ffff,2a00:1fa3::,MTS,RU,250,01
1.39.222.0,1.39.222.255,1.39.0.0,Vi India,IN,404,22
195.91.13.0,195.91.127.255,195.91.0.0,Telekom,SK,231,02
181.158.0.0,181.158.255.255,181.158.0.0,Claro,CO,732,101
2800:484:9082::,2800:484:9082:ffff:ffff:ffff:ffff:ffff,2800:484:8000::,Claro,CO,732,101
184.146.135.0,184.146.135.255,184.146.0.0,Bell Mobility,CA,302,610
126.40.245.0,126.40.245.255,126.40.0.0,SoftBank,JP,440,20
31.223.139.0,31.223.139.255,31.223.0.0,m:tel,BA,218,05
119.229.26.0,119.229.26.255,119.229.0.0,NTT docomo,JP,440,10
2.34.98.0,2.34.98.255,2.34.0.0,Vodafone,IT,222,10
196.67.37.0,196.67.42.255,196.67.0.0,IAM,MA,604,01
220.221.100.0,220.221.101.255,220.221.0.0,NTT docomo,JP,440,10
5.173.200.0,5.173.202.255,5.173.0.0,Play,PL,260,06
76.247.30.0,76.247.30.255,76.247.0.0,AT&T,US,310,410
2607:fb90:9a89::,2607:fb90:9a89:ffff:ffff:ffff:ffff:ffff,2607:fb90:8000::,T-Mobile,US,310,260
2607:fc20:ae80::,2607:fc20:ae81:ffff:ffff:ffff:ffff:ffff,2607:fc20:8000::,T-Mobile,US,310,260
197.133.255.0,197.133.255.255,197.133.0.0,Vodafone,EG,602,02
181.200.82.0,181.200.84.255,181.200.0.0,Movistar,CL,730,02
106.206.88.0,106.206.88.255,106.206.0.0,Airtel,IN,404,02
2001:16a2:caa6::,2001:16a2:caa6:ffff:ffff:ffff:ffff:ffff,2001:16a2:c000::,Al Jawal (STC),SA,420,01
2401:d800:7000::,2401:d800:7000:ffff:ffff:ffff:ffff:ffff,2401:d800:4000::,Viettel Mobile,VN,452,04
2401:4900:3341::,2401:4900:3349:ffff:ffff:ffff:ffff:ffff,2401:4900::,Airtel,IN,404,10
2a02:aa1:1646::,2a02:aa1:1646:ffff:ffff:ffff:ffff:ffff,2a02:aa1::,3,SE,240,02
2607:fb91:e91::,2607:fb91:e91:ffff:ffff:ffff:ffff:ffff,2607:fb91::,T-Mobile,US,310,260
153.213.24.0,153.213.25.255,153.213.0.0,NTT docomo,JP,440,10
2409:4050:2e9e::,2409:4050:2e9f:ffff:ffff:ffff:ffff:ffff,2409:4050::,Jio,IN,405,840
14.231.251.0,14.231.251.255,14.231.0.0,Vinaphone,VN,452,02
2607:fb90:9c21::,2607:fb90:9c21:ffff:ffff:ffff:ffff:ffff,2607:fb90:8000::,T-Mobile,US,310,260
2607:fb91:10a2::,2607:fb91:10a2:ffff:ffff:ffff:ffff:ffff,2607:fb91::,T-Mobile,US,310,260
206.170.138.0,206.170.138.255,206.170.0.0,AT&T,US,310,410
2409:4063:4202::,2409:4063:4202:ffff:ffff:ffff:ffff:ffff,2409:4063:4000::,Jio,IN,405,840
99.46.208.0,99.46.209.255,99.46.0.0,AT&T,US,310,410
2001:ee0:1a28::,2001:ee0:1a29:ffff:ffff:ffff:ffff:ffff,2001:ee0::,Vinaphone,VN,452,02
178.121.25.0,178.121.25.255,178.121.0.0,A1,BY,257,01
2a02:a58:8540::,2a02:a58:8540:ffff:ffff:ffff:ffff:ffff,2a02:a58:8000::,Orange,RO,226,10
186.169.232.0,186.169.239.255,186.169.0.0,Movistar,CO,732,123
2a00:f41:805a::,2a00:f41:805a:ffff:ffff:ffff:ffff:ffff,2a00:f41:8000::,Orange,PL,260,03
2607:fb90:3814::,2607:fb90:3814:ffff:ffff:ffff:ffff:ffff,2607:fb90::,T-Mobile,US,310,260
2402:8100:e73::,2402:8100:e73:ffff:ffff:ffff:ffff:ffff,2402:8100::,Vi India,IN,404,22
2409:4070:2399::,2409:4070:2399:ffff:ffff:ffff:ffff:ffff,2409:4070::,Jio,IN,405,840
2401:d800:76c6::,2401:d800:76c6:ffff:ffff:ffff:ffff:ffff,2401:d800:4000::,Viettel Mobile,VN,452,04
75.201.144.0,75.201.145.255,75.201.0.0,Verizon,US,310,012
2405:204:122d::,2405:204:122d:ffff:ffff:ffff:ffff:ffff,2405:204::,Jio,IN,405,840
92.189.10.0,92.189.10.255,92.189.0.0,Orange,ES,214,03
2607:fb90:bc4f::,2607:fb90:bc4f:ffff:ffff:ffff:ffff:ffff,2607:fb90:8000::,T-Mobile,US,310,260
122.21.29.0,122.21.29.255,122.21.0.0,NTT docomo,JP,440,10
105.151.208.0,105.151.215.255,105.151.0.0,IAM,MA,604,01
2600:1001:b0d0::,2600:1001:b0df:ffff:ffff:ffff:ffff:ffff,2600:1001:8000::,Verizon,US,310,012
102.5.133.0,102.5.133.255,102.5.0.0,Airtel,KE,639,03
2a00:1fa2:278::,2a00:1fa2:278:ffff:ffff:ffff:ffff:ffff,2a00:1fa2::,MTS,RU,250,01
81.154.158.0,81.154.158.255,81.154.0.0,BT,GB,234,00
107.255.254.244,107.255.255.50,107.255.0.0,AT&T,US,310,410
60.158.165.0,60.158.171.255,60.158.0.0,SoftBank,JP,440,20
86.157.84.0,86.157.84.255,86.157.0.0,BT,GB,234,00
75.211.129.0,75.211.130.255,75.211.0.0,Verizon,US,310,012
108.73.72.0,108.73.74.255,108.73.0.0,AT&T,US,310,410
2600:380:b062::,2600:380:b064:ffff:ffff:ffff:ffff:ffff,2600:380:8000::,AT&T,US,310,410
2001:1388:1c42::,2001:1388:1c43:ffff:ffff:ffff:ffff:ffff,2001:1388::,Movistar,PE,716,06
2800:370:12c::,2800:370:12f:ffff:ffff:ffff:ffff:ffff,2800:370::,CNT Mobile,EC,740,02
2409:4072:787::,2409:4072:787:ffff:ffff:ffff:ffff:ffff,2409:4072::,Jio,IN,405,840
133.218.149.0,133.218.152.255,133.218.0.0,NTT docomo,JP,440,10
176.254.85.0,176.254.85.255,176.254.0.0,O2 (UK),GB,234,10
106.194.226.0,106.194.226.255,106.194.0.0,Airtel,IN,404,02
2402:800:322a::,2402:800:322a:ffff:ffff:ffff:ffff:ffff,2402:800::,Viettel Mobile,VN,452,04
106.207.173.0,106.207.175.255,106.207.0.0,Airtel,IN,404,02
181.42.138.0,181.42.139.255,181.42.0.0,Entel,CL,730,01
180.56.75.0,180.56.78.255,180.56.0.0,NTT docomo,JP,440,10
75.232.100.0,75.232.100.255,75.232.0.0,Verizon,US,310,012
2804:214:8192::,2804:214:8193:ffff:ffff:ffff:ffff:ffff,2804:214:8000::,TIM,BR,724,02
2402:e000:65a::,2402:e000:65b:ffff:ffff:ffff:ffff:ffff,2402:e000::,Telenor,PK,410,06
191.110.104.0,191.110.104.255,191.110.0.0,Movistar,CO,732,123
2400:2200:494::,2400:2200:495:ffff:ffff:ffff:ffff:ffff,2400:2200::,SoftBank,JP,440,20
2a00:23ee:1678::,2a00:23ee:1678:ffff:ffff:ffff:ffff:ffff,2a00:23ee::,BT,GB,234,00
2402:800:3bc4::,2402:800:3bc4:ffff:ffff:ffff:ffff:ffff,2402:800::,Viettel Mobile,VN,452,04
104.9.187.0,104.9.187.255,104.9.0.0,AT&T,US,310,410
65.93.100.0,65.93.102.255,65.93.0.0,Bell Mobility,CA,302,610
2a01:cb1a:7d::,2a01:cb1a:7d:ffff:ffff:ffff:ffff:ffff,2a01:cb1a::,Orange,FR,208,01
86.141.111.0,86.141.111.255,86.141.0.0,BT,GB,234,00
153.207.223.0,153.207.226.255,153.207.0.0,NTT docomo,JP,440,10
196.233.156.0,196.233.186.255,196.233.0.0,Orange,TN,605,01
2401:d800:360::,2401:d800:361:ffff:ffff:ffff:ffff:ffff,2401:d800::,Viettel Mobile,VN,452,04
104.61.135.0,104.61.135.255,104.61.0.0,AT&T,US,310,410
220.220.25.0,220.220.26.255,220.220.0.0,NTT docomo,JP,440,10
102.60.179.0,102.60.181.255,102.60.0.0,Etisalat,EG,602,03
2409:4064:405::,2409:4064:405:ffff:ffff:ffff:ffff:ffff,2409:4064::,Jio,IN,405,840
82.128.200.0,82.128.201.255,82.128.0.0,DNA,FI,244,12
177.87.65.0,177.87.67.255,177.87.0.0,Claro,BR,724,05
223.188.59.0,223.188.62.255,223.188.0.0,Airtel,IN,404,02
2a02:2378:1099::,2a02:2378:1099:ffff:ffff:ffff:ffff:ffff,2a02:2378::,Kyivstar,UA,255,03
2600:1001:1119::,2600:1001:1119:ffff:ffff:ffff:ffff:ffff,2600:1001::,Verizon,US,310,012
75.193.121.0,75.193.121.255,75.193.0.0,Verizon,US,310,012
102.170.125.0,102.170.128.255,102.170.0.0,Ooredoo,TN,605,03
185.32.236.0,185.32.239.255,185.32.0.0,POST,LU,270,01
99.140.228.0,99.140.230.255,99.140.0.0,AT&T,US,310,410
153.174.177.0,153.174.177.255,153.174.0.0,NTT docomo,JP,440,10
154.159.6.0,154.159.6.255,154.159.0.0,Airtel,KE,639,03
2607:fb90:ba23::,2607:fb90:ba23:ffff:ffff:ffff:ffff:ffff,2607:fb90:8000::,T-Mobile,US,310,260
27.125.248.0,27.125.250.255,27.125.0.0,U Mobile,MY,502,18
37.43.29.0,37.43.30.255,37.43.0.0,Mobily,SA,420,03
58.94.133.0,58.94.133.255,58.94.0.0,NTT docomo,JP,440,10
2607:fb90:ba70::,2607:fb90:ba71:ffff:ffff:ffff:ffff:ffff,2607:fb90:8000::,T-Mobile,US,310,260
2401:d800:b260::,2401:d800:b260:ffff:ffff:ffff:ffff:ffff,2401:d800:8000::,Viettel Mobile,VN,452,04
142.126.0.0,142.126.0.255,142.126.0.0,Bell Mobility,CA,302,610
2a02:1388:2080::,2a02:1388:2096:ffff:ffff:ffff:ffff:ffff,2a02:1388::,Cosmote,GR,202,01
2a01:599:843::,2a01:599:843:ffff:ffff:ffff:ffff:ffff,2a01:599::,Telekom,DE,262,01
2603:3023:6cd::,2603:3023:6cd:ffff:ffff:ffff:ffff:ffff,2603:3023::,Verizon,US,310,012
37.33.172.0,37.33.174.255,37.33.0.0,DNA,FI,244,12
2401:d800:2d0::,2401:d800:2d1:ffff:ffff:ffff:ffff:ffff,2401:d800::,Viettel Mobile,VN,452,04
99.162.253.0,99.162.253.255,99.162.0.0,AT&T,US,310,410
177.160.113.0,177.160.127.255,177.160.0.0,Vivo,BR,724,11
86.141.32.0,86.141.32.255,86.141.0.0,BT,GB,234,00
2a00:23c7:fc20::,2a00:23c7:fc20:ffff:ffff:ffff:ffff:ffff,2a00:23c7:c000::,BT,GB,234,00
102.168.54.0,102.168.59.255,102.168.0.0,Ooredoo,TN,605,03
2a00:1fa3:666::,2a00:1fa3:66e:ffff:ffff:ffff:ffff:ffff,2a00:1fa3::,MTS,RU,250,01
5.0.251.0,5.0.252.255,5.0.0.0,Syriatel,SY,417,01
106.210.202.0,106.210.202.255,106.210.0.0,Airtel,IN,404,02
153.208.20.0,153.208.20.255,153.208.0.0,NTT docomo,JP,440,10
2001:b011:70a0::,2001:b011:70a0:ffff:ffff:ffff:ffff:ffff,2001:b011:4000::,Chunghwa,TW,466,92
196.99.112.0,196.99.138.255,196.99.0.0,Safaricom,KE,639,02
2409:4055:f::,2409:4055:10:ffff:ffff:ffff:ffff:ffff,2409:4055::,Jio,IN,405,840
83.110.58.0,83.110.58.255,83.110.0.0,Etisalat,AE,424,02
2607:fb90:7968::,2607:fb90:796b:ffff:ffff:ffff:ffff:ffff,2607:fb90:4000::,T-Mobile,US,310,260
75.34.157.0,75.34.157.255,75.34.0.0,AT&T,US,310,410
5.52.181.0,5.52.183.255,5.52.0.0,IR-TCI (Hamrah-e-Avval),IR,432,11
69.121.16.0,69.121.16.255,69.121.0.0,T-Mobile,US,310,260
2401:4900:3178::,2401:4900:317b:ffff:ffff:ffff:ffff:ffff,2401:4900::,Airtel,IN,404,10
2409:4072:39f::,2409:4072:39f:ffff:ffff:ffff:ffff:ffff,2409:4072::,Jio,IN,405,840
190.225.195.0,190.225.195.255,190.225.0.0,Personal,AR,722,341
2600:380:c4ba::,2600:380:c4bb:ffff:ffff:ffff:ffff:ffff,2600:380:c000::,AT&T,US,310,410
37.136.217.0,37.136.217.255,37.136.0.0,DNA,FI,244,12
121.82.33.0,121.82.34.255,121.82.0.0,NTT docomo,JP,440,10
154.134.255.0,154.134.255.255,154.134.0.0,Orange,EG,602,01
66.10.98.0,66.10.98.255,66.10.0.0,AT&T,US,310,410
171.51.196.0,171.51.200.255,171.51.0.0,Airtel,IN,404,02
166.137.101.142,166.137.101.142,166.137.0.0,AT&T,US,310,410
191.104.0.0,191.104.127.255,191.104.0.0,Movistar,CO,732,123
102.168.251.0,102.168.253.255,102.168.0.0,Ooredoo,TN,605,03
176.133.244.0,176.133.244.255,176.133.0.0,Bouygues,FR,208,20
196.81.74.0,196.81.100.255,196.81.0.0,IAM,MA,604,01
102.149.128.0,102.149.128.255,102.149.0.0,Airtel,ZM,645,01
219.167.20.0,219.167.20.255,219.167.0.0,NTT docomo,JP,440,10
108.234.1.0,108.234.7.255,108.234.0.0,AT&T,US,310,410
2402:800:3a8c::,2402:800:3a8c:ffff:ffff:ffff:ffff:ffff,2402:800::,Viettel Mobile,VN,452,04
151.46.0.0,151.46.20.255,151.46.0.0,WINDTRE,IT,222,88
108.247.245.0,108.247.245.255,108.247.0.0,AT&T,US,310,410
114.149.76.0,114.149.80.255,114.149.0.0,NTT docomo,JP,440,10
2409:4066:9::,2409:4066:9:ffff:ffff:ffff:ffff:ffff,2409:4066::,Jio,IN,405,840
2600:380:9ff2::,2600:380:9ff2:ffff:ffff:ffff:ffff:ffff,2600:380:8000::,AT&T,US,310,410
180.57.239.0,180.57.239.255,180.57.0.0,NTT docomo,JP,440,10
178.110.18.0,178.110.18.255,178.110.0.0,T-Mobile,US,310,260
2804:275c:8803::,2804:275c:8803:ffff:ffff:ffff:ffff:ffff,2804:275c:8000::,Vivo,BR,724,06
2401:4900:3053::,2401:4900:3053:ffff:ffff:ffff:ffff:ffff,2401:4900::,Airtel,IN,404,02
97.145.43.0,97.145.43.255,97.145.0.0,Verizon,US,310,012
2403:6200:8967::,2403:6200:8967:ffff:ffff:ffff:ffff:ffff,2403:6200:8000::,AIS,TH,520,03
196.229.194.0,196.229.196.255,196.229.0.0,Orange,TN,605,01
197.149.139.0,197.149.139.255,197.149.0.0,Libertis Telecom,CG,629,10
101.128.230.0,101.128.230.255,101.128.0.0,NTT docomo,JP,440,10
180.35.133.0,180.35.133.255,180.35.0.0,NTT docomo,JP,440,10
2600:380:a2d6::,2600:380:a2d6:ffff:ffff:ffff:ffff:ffff,2600:380:8000::,AT&T,US,310,410
45.214.164.0,45.214.164.255,45.214.0.0,Airtel,ZM,645,01
2607:fb90:d2b0::,2607:fb90:d2b1:ffff:ffff:ffff:ffff:ffff,2607:fb90:c000::,T-Mobile,US,310,260
2600:380:a0a3::,2600:380:a0a4:ffff:ffff:ffff:ffff:ffff,2600:380:8000::,AT&T,US,310,410
2001:ee0:4388::,2001:ee0:4389:ffff:ffff:ffff:ffff:ffff,2001:ee0:4000::,Vinaphone,VN,452,02
2607:fb90:f544::,2607:fb90:f545:ffff:ffff:ffff:ffff:ffff,2607:fb90:c000::,T-Mobile,US,310,260
108.76.114.0,108.76.114.255,108.76.0.0,AT&T,US,310,410
240a:10:4920::,240a:10:4929:ffff:ffff:ffff:ffff:ffff,240a:10:4000::,NTT docomo,JP,440,10
47.72.89.0,47.72.96.255,47.72.0.0,Vodafone,NZ,530,01
104.62.168.0,104.62.168.255,104.62.0.0,AT&T,US,310,410
2607:fb90:8394::,2607:fb90:8394:ffff:ffff:ffff:ffff:ffff,2607:fb90:8000::,T-Mobile,US,310,260
2401:d800:5562::,2401:d800:5562:ffff:ffff:ffff:ffff:ffff,2401:d800:4000::,Viettel Mobile,VN,452,04
2a01:cb1e:73::,2a01:cb1e:74:ffff:ffff:ffff:ffff:ffff,2a01:cb1e::,Orange,FR,208,01
114.175.250.0,114.175.251.255,114.175.0.0,NTT docomo,JP,440,10
108.81.167.0,108.81.167.255,108.81.0.0,AT&T,US,310,410
196.91.28.0,196.91.29.255,196.91.0.0,IAM,MA,604,01
102.24.40.0,102.24.41.255,102.24.0.0,Tunicell,TN,605,02
46.172.14.0,46.172.14.255,46.172.0.0,Tele2,RU,250,20
109.203.128.0,109.203.129.255,109.203.0.0,IR-TCI (Hamrah-e-Avval),IR,432,11
86.188.88.0,86.188.89.255,86.188.0.0,BT,GB,234,00
2607:fb90:3821::,2607:fb90:3823:ffff:ffff:ffff:ffff:ffff,2607:fb90::,T-Mobile,US,310,260
2600:381:d3::,2600:381:d3:ffff:ffff:ffff:ffff:ffff,2600:381::,AT&T,US,310,410
76.232.187.0,76.232.187.255,76.232.0.0,AT&T,US,310,410
156.178.73.0,156.178.73.255,156.178.0.0,Etisalat,EG,602,03
86.115.191.0,86.115.191.255,86.115.0.0,Telia,FI,244,91
61.206.242.0,61.206.242.255,61.206.0.0,Etisalat,AE,424,02
182.21.14.0,182.21.14.255,182.21.0.0,NTT docomo,JP,440,10
2600:1000:be0a::,2600:1000:be0a:ffff:ffff:ffff:ffff:ffff,2600:1000:8000::,Verizon,US,310,012
91.67.124.0,91.67.124.255,91.67.0.0,Vodafone,DE,262,02
2600:1002:b1a4::,2600:1002:b1a4:ffff:ffff:ffff:ffff:ffff,2600:1002:8000::,Verizon,US,310,012
207.81.66.0,207.81.66.255,207.81.0.0,"Telus Mobility, Koodo Mobile, Public Mobile",CA,302,220
2600:100b:1031::,2600:100b:1031:ffff:ffff:ffff:ffff:ffff,2600:100b::,Verizon,US,310,012
86.169.201.0,86.169.201.255,86.169.0.0,BT,GB,234,00
60.238.72.0,60.238.73.255,60.238.0.0,NTT docomo,JP,440,10
105.211.0.0,105.211.255.255,105.211.0.0,MTN,ZA,655,10
106.219.96.0,106.219.100.255,106.219.0.0,Airtel,IN,404,10
107.140.30.0,107.140.30.255,107.140.0.0,AT&T,US,310,410
106.222.156.0,106.222.159.255,106.222.0.0,Airtel,IN,404,02
205.253.232.0,205.253.233.255,205.253.0.0,Jio,IN,405,840
69.121.192.0,69.121.192.255,69.121.0.0,T-Mobile,US,310,260
74.12.0.0,74.12.3.255,74.12.0.0,Bell Mobility,CA,302,610
2001:268:c07f::,2001:268:c07f:ffff:ffff:ffff:ffff:ffff,2001:268:c000::,au,JP,440,50
2001:268:9afa::,2001:268:9afc:ffff:ffff:ffff:ffff:ffff,2001:268:8000::,au,JP,440,50
2.147.224.0,2.147.255.255,2.147.0.0,MTN Irancell,IR,432,35
114.191.236.0,114.191.236.255,114.191.0.0,NTT docomo,JP,440,10
106.195.56.0,106.195.56.255,106.195.0.0,Airtel,IN,404,02
178.58.0.0,178.58.95.255,178.58.0.0,Mobitel,SI,293,41
217.64.109.0,217.64.109.255,217.64.0.0,Malitel,ML,610,01
23.123.180.0,23.123.181.255,23.123.0.0,AT&T,US,310,410
83.72.0.0,83.72.255.255,83.72.0.0,Telenor,DK,238,02
99.137.211.0,99.137.212.255,99.137.0.0,AT&T,US,310,410
197.20.77.0,197.20.77.255,197.20.0.0,Ooredoo,TN,605,03
2607:fb90:e3a6::,2607:fb90:e3a9:ffff:ffff:ffff:ffff:ffff,2607:fb90:c000::,T-Mobile,US,310,260
113.191.247.0,113.191.247.255,113.191.0.0,Vinaphone,VN,452,02
2a00:1fa0:228::,2a00:1fa0:26f:ffff:ffff:ffff:ffff:ffff,2a00:1fa0::,MTS,RU,250,01
2401:d800:7722::,2401:d800:7723:ffff:ffff:ffff:ffff:ffff,2401:d800:4000::,Viettel Mobile,VN,452,04
107.255.236.25,107.255.236.25,107.255.0.0,AT&T,US,310,410
2a04:4a43:407e::,2a04:4a43:407f:ffff:ffff:ffff:ffff:ffff,2a04:4a43:4000::,3,GB,234,20
101.142.119.0,101.142.119.255,101.142.0.0,NTT docomo,JP,440,10
2402:800:b58d::,2402:800:b58d:ffff:ffff:ffff:ffff:ffff,2402:800:8000::,Viettel Mobile,VN,452,04
181.108.6.0,181.108.8.255,181.108.0.0,Personal,AR,722,341
2409:4023:6e16::,2409:4023:6e16:ffff:ffff:ffff:ffff:ffff,2409:4023:4000::,Jio,IN,405,840
157.36.102.0,157.36.103.255,157.36.0.0,Jio,IN,405,840
180.190.142.0,180.190.143.255,180.190.0.0,Globe,PH,515,02
2a03:ec00:b349::,2a03:ec00:b349:ffff:ffff:ffff:ffff:ffff,2a03:ec00:8000::,LMT,LV,247,01
104.182.136.0,104.182.136.255,104.182.0.0,AT&T,US,310,410
69.220.144.0,69.220.148.255,69.220.0.0,AT&T,US,310,410
2409:4061:2084::,2409:4061:2084:ffff:ffff:ffff:ffff:ffff,2409:4061::,Jio,IN,405,840
102.9.89.0,102.9.90.255,102.9.0.0,Orange,EG,602,01
188.124.244.0,188.124.247.255,188.124.0.0,Altel,KZ,401,07
117.131.0.0,117.131.255.255,117.131.0.0,China Mobile,CN,460,00
2a00:1fa2:c259::,2a00:1fa2:c259:ffff:ffff:ffff:ffff:ffff,2a00:1fa2:c000::,MTS,RU,250,01
50.101.54.0,50.101.54.255,50.101.0.0,Bell Mobility,CA,302,610
2409:40e6:a::,2409:40e6:a:ffff:ffff:ffff:ffff:ffff,2409:40e6::,Jio,IN,405,840
114.167.16.0,114.167.16.255,114.167.0.0,NTT docomo,JP,440,10
107.139.219.0,107.139.219.255,107.139.0.0,AT&T,US,310,410
2409:40c1:5e::,2409:40c1:5e:ffff:ffff:ffff:ffff:ffff,2409:40c1::,Jio,IN,405,840
2401:3c00:120::,2401:3c00:120:ffff:ffff:ffff:ffff:ffff,2401:3c00::,U Mobile,MY,502,18
2607:fb90:9b29::,2607:fb90:9b29:ffff:ffff:ffff:ffff:ffff,2607:fb90:8000::,T-Mobile,US,310,260
153.221.236.0,153.221.236.255,153.221.0.0,NTT docomo,JP,440,10
101.143.156.0,101.143.156.255,101.143.0.0,NTT docomo,JP,440,10
68.77.139.0,68.77.139.255,68.77.0.0,AT&T,US,310,410
154.108.190.0,154.108.192.255,154.108.0.0,Ooredoo,TN,605,03
2600:1008:b0c7::,2600:1008:b0c7:ffff:ffff:ffff:ffff:ffff,2600:1008:8000::,Verizon,US,310,012
2402:3a80:46d0::,2402:3a80:46d0:ffff:ffff:ffff:ffff:ffff,2402:3a80:4000::,Vi India,IN,404,22
94.185.50.0,94.185.50.255,94.185.0.0,Ooredoo,OM,422,03
2409:4072:112::,2409:4072:112:ffff:ffff:ffff:ffff:ffff,2409:4072::,Jio,IN,405,840
2402:8100:2418::,2402:8100:2418:ffff:ffff:ffff:ffff:ffff,2402:8100::,Vi India,IN,404,22
2401:d800:570::,2401:d800:570:ffff:ffff:ffff:ffff:ffff,2401:d800::,Viettel Mobile,VN,452,04
2409:4053:119::,2409:4053:119:ffff:ffff:ffff:ffff:ffff,2409:4053::,Jio,IN,405,840
66.208.106.0,66.208.107.255,66.208.0.0,West Central,US,310,180
75.216.0.0,75.216.127.255,75.216.0.0,Verizon,US,310,012
2a00:23ee:10b0::,2a00:23ee:10b0:ffff:ffff:ffff:ffff:ffff,2a00:23ee::,BT,GB,234,00
185.43.231.0,185.43.231.255,185.43.0.0,Cytamobile-Vodafone,CY,280,01
24.186.109.0,24.186.109.255,24.186.0.0,T-Mobile,US,310,260
2401:d800:c50::,2401:d800:c5f:ffff:ffff:ffff:ffff:ffff,2401:d800::,Viettel Mobile,VN,452,04
118.8.144.0,118.8.144.255,118.8.0.0,NTT docomo,JP,440,10
104.176.242.0,104.176.242.255,104.176.0.0,AT&T,US,310,410
77.208.160.0,77.208.175.255,77.208.0.0,Vodafone,ES,214,01
2804:389:4b::,2804:389:4b:ffff:ffff:ffff:ffff:ffff,2804:389::,Claro,BR,724,05
2804:388:c355::,2804:388:c355:ffff:ffff:ffff:ffff:ffff,2804:388:c000::,Claro,BR,724,05
108.228.17.0,108.228.17.255,108.228.0.0,AT&T,US,310,410
117.246.60.0,117.246.60.255,117.246.0.0,BSNL Mobile,IN,404,64
86.190.85.0,86.190.85.255,86.190.0.0,BT,GB,234,00
154.153.10.0,154.153.12.255,154.153.0.0,Airtel,KE,639,03
78.86.0.0,78.86.62.255,78.86.0.0,O2 (UK),GB,234,10
181.248.0.0,181.248.255.255,181.248.0.0,Claro,CO,732,101
111.80.189.0,111.80.198.255,111.80.0.0,Chunghwa,TW,466,92
2402:800:771c::,2402:800:771c:ffff:ffff:ffff:ffff:ffff,2402:800:4000::,Viettel Mobile,VN,452,04
102.174.224.0,102.174.224.255,102.174.0.0,Ooredoo,TN,605,03
162.197.47.0,162.197.47.255,162.197.0.0,AT&T,US,310,410
2a00:f41:5824::,2a00:f41:5825:ffff:ffff:ffff:ffff:ffff,2a00:f41:4000::,Orange,PL,260,03
142.186.138.0,142.186.139.255,142.186.0.0,Bell Mobility,CA,302,610
189.155.129.0,189.155.129.255,189.155.0.0,Telcel,MX,334,020
64.228.62.0,64.228.62.255,64.228.0.0,Bell Mobility,CA,302,610
2405:4802:1d1c::,2405:4802:1d1c:ffff:ffff:ffff:ffff:ffff,2405:4802::,Viettel Mobile,VN,452,04
2607:fb91:fcc::,2607:fb91:fcc:ffff:ffff:ffff:ffff:ffff,2607:fb91::,T-Mobile,US,310,260
65.92.120.0,65.92.128.255,65.92.0.0,Bell Mobility,CA,302,610
2804:389:83::,2804:389:84:ffff:ffff:ffff:ffff:ffff,2804:389::,Claro,BR,724,05
153.216.111.0,153.216.111.255,153.216.0.0,NTT docomo,JP,440,10
153.134.155.0,153.134.156.255,153.134.0.0,NTT docomo,JP,440,10
2600:380:6214::,2600:380:6214:ffff:ffff:ffff:ffff:ffff,2600:380:4000::,AT&T,US,310,410
190.102.76.0,190.102.77.255,190.102.0.0,Natcom,HT,372,03
80.214.16.0,80.214.31.255,80.214.0.0,Bouygues,FR,208,20
2607:fb90:9f17::,2607:fb90:9f19:ffff:ffff:ffff:ffff:ffff,2607:fb90:8000::,T-Mobile,US,310,260
37.66.144.0,37.66.145.255,37.66.0.0,SFR,FR,208,09
178.86.36.0,178.86.36.255,178.86.0.0,Al Jawal (STC),SA,420,01
181.109.193.0,181.109.193.255,181.109.0.0,Personal,AR,722,341
223.233.7.0,223.233.7.255,223.233.0.0,Airtel,IN,404,02
109.83.204.0,109.83.204.255,109.83.0.0,Mobily,SA,420,03
184.239.0.0,184.239.255.255,184.239.0.0,T-Mobile,US,310,120
59.190.178.0,59.190.180.255,59.190.0.0,NTT docomo,JP,440,10
2402:800:fb60::,2402:800:fb61:ffff:ffff:ffff:ffff:ffff,2402:800:c000::,Viettel Mobile,VN,452,04
104.6.175.0,104.6.175.255,104.6.0.0,AT&T,US,310,410
99.140.238.0,99.140.239.255,99.140.0.0,AT&T,US,310,410
114.190.41.0,114.190.41.255,114.190.0.0,NTT docomo,JP,440,10
190.132.192.0,190.132.223.255,190.132.0.0,Antel,UY,748,01
2a01:cb1e:44::,2a01:cb1e:48:ffff:ffff:ffff:ffff:ffff,2a01:cb1e::,Orange,FR,208,01
86.166.169.0,86.166.169.255,86.166.0.0,BT,GB,234,00
2607:fb90:bea4::,2607:fb90:bea4:ffff:ffff:ffff:ffff:ffff,2607:fb90:8000::,T-Mobile,US,310,260
2402:800:31fd::,2402:800:31fd:ffff:ffff:ffff:ffff:ffff,2402:800::,Viettel Mobile,VN,452,04
124.101.136.0,124.101.137.255,124.101.0.0,NTT docomo,JP,440,10
2409:4061:688::,2409:4061:688:ffff:ffff:ffff:ffff:ffff,2409:4061::,Jio,IN,405,840
114.184.92.0,114.184.92.255,114.184.0.0,NTT docomo,JP,440,10
2607:fc20:9945::,2607:fc20:9945:ffff:ffff:ffff:ffff:ffff,2607:fc20:8000::,T-Mobile,US,310,260
2806:370:5606::,2806:370:5606:ffff:ffff:ffff:ffff:ffff,2806:370:4000::,Telcel,MX,334,020
181.35.150.0,181.35.150.255,181.35.0.0,Movilnet,VE,734,06
206.171.168.0,206.171.168.255,206.171.0.0,AT&T,US,310,410
76.229.190.0,76.229.190.255,76.229.0.0,AT&T,US,310,410
76.66.115.0,76.66.116.255,76.66.0.0,Bell Mobility,CA,302,610
76.235.128.0,76.235.128.255,76.235.0.0,AT&T,US,310,410
114.79.0.0,114.79.7.255,114.79.0.0,Smartfren,ID,510,09
157.48.69.0,157.48.78.255,157.48.0.0,Jio,IN,405,840
107.127.19.0,107.127.20.255,107.127.0.0,AT&T,US,310,410
109.82.139.0,109.82.141.255,109.82.0.0,Mobily,SA,420,03
70.27.38.0,70.27.38.255,70.27.0.0,Bell Mobility,CA,302,610
86.184.15.0,86.184.15.255,86.184.0.0,BT,GB,234,00
99.107.68.0,99.107.68.255,99.107.0.0,AT&T,US,310,410
156.184.0.0,156.184.63.255,156.184.0.0,Etisalat,EG,602,03
157.42.132.0,157.42.134.255,157.42.0.0,Jio,IN,405,840
106.205.162.0,106.205.162.255,106.205.0.0,Airtel,IN,404,02
2401:d800:526f::,2401:d800:526f:ffff:ffff:ffff:ffff:ffff,2401:d800:4000::,Viettel Mobile,VN,452,04
196.93.110.0,196.93.110.255,196.93.0.0,IAM,MA,604,01
92.248.112.0,92.248.112.255,92.248.0.0,A1.net,AT,232,01
2800:bf0:8021::,2800:bf0:8021:ffff:ffff:ffff:ffff:ffff,2800:bf0:8000::,Claro,EC,740,01
153.225.68.0,153.225.73.255,153.225.0.0,NTT docomo,JP,440,10
5.22.43.0,5.22.43.255,5.22.0.0,IR-TCI (Hamrah-e-Avval),IR,432,11
176.88.30.0,176.88.30.255,176.88.0.0,Vodafone,TR,286,02
153.186.126.0,153.186.126.255,153.186.0.0,NTT docomo,JP,440,10
74.12.104.0,74.12.107.255,74.12.0.0,Bell Mobility,CA,302,610
153.132.234.0,153.132.241.255,153.132.0.0,NTT docomo,JP,440,10
58.138.35.0,58.138.35.255,58.138.0.0,NTT docomo,JP,440,10
107.133.152.0,107.133.153.255,107.133.0.0,AT&T,US,310,410
110.224.232.0,110.224.232.255,110.224.0.0,Airtel,IN,404,02
94.201.0.0,94.201.7.255,94.201.0.0,du,AE,424,03
102.26.156.0,102.26.156.255,102.26.0.0,Tunicell,TN,605,02
108.198.230.0,108.198.231.255,108.198.0.0,AT&T,US,310,410
31.159.64.0,31.159.64.255,31.159.0.0,Vodafone,IT,222,10
176.201.102.0,176.201.174.255,176.201.0.0,TIM,IT,222,01
97.146.3.0,97.146.3.255,97.146.0.0,Verizon,US,310,012
107.219.90.0,107.219.90.255,107.219.0.0,AT&T,US,310,410
105.153.84.0,105.153.118.255,105.153.0.0,IAM,MA,604,01
86.158.246.0,86.158.247.255,86.158.0.0,BT,GB,234,00
240a:10:49f8::,240a:10:49fa:ffff:ffff:ffff:ffff:ffff,240a:10:4000::,NTT docomo,JP,440,10
102.8.26.0,102.8.27.255,102.8.0.0,Orange,EG,602,01
2409:4065:d9d::,2409:4065:d9f:ffff:ffff:ffff:ffff:ffff,2409:4065::,Jio,IN,405,840
2804:1824:cd01::,2804:1824:cd01:ffff:ffff:ffff:ffff:ffff,2804:1824:c000::,Vivo,BR,724,06
2800:810:518::,2800:810:518:ffff:ffff:ffff:ffff:ffff,2800:810::,Movistar,AR,722,010
114.161.149.0,114.161.151.255,114.161.0.0,NTT docomo,JP,440,10
70.136.27.0,70.136.27.255,70.136.0.0,AT&T,US,310,410
2a02:1216:3500::,2a02:1216:3505:ffff:ffff:ffff:ffff:ffff,2a02:1216::,Swisscom,CH,228,01
2a0d:e487:141f::,2a0d:e487:141f:ffff:ffff:ffff:ffff:ffff,2a0d:e487::,Free,FR,208,15
2607:fb91:891::,2607:fb91:893:ffff:ffff:ffff:ffff:ffff,2607:fb91::,T-Mobile,US,310,260
160.159.227.0,160.159.237.255,160.159.0.0,Orange,TN,605,01
108.196.229.0,108.196.229.255,108.196.0.0,AT&T,US,310,410
2409:895c:24::,2409:895c:24:ffff:ffff:ffff:ffff:ffff,2409:895c::,China Mobile,CN,460,00
2600:380:bc93::,2600:380:bc9b:ffff:ffff:ffff:ffff:ffff,2600:380:8000::,AT&T,US,310,410
212.3.142.0,212.3.142.255,212.3.0.0,Tele2,RU,250,20
191.114.166.0,191.114.166.255,191.114.0.0,Movistar,CL,730,02
2600:1700:7331::,2600:1700:7331:ffff:ffff:ffff:ffff:ffff,2600:1700:4000::,AT&T,US,310,410
70.26.148.0,70.26.152.255,70.26.0.0,Bell Mobility,CA,302,610
104.182.139.0,104.182.139.255,104.182.0.0,AT&T,US,310,410
2a00:1fa2:8470::,2a00:1fa2:8472:ffff:ffff:ffff:ffff:ffff,2a00:1fa2:8000::,MTS,RU,250,01
2607:fb90:e38f::,2607:fb90:e391:ffff:ffff:ffff:ffff:ffff,2607:fb90:c000::,T-Mobile,US,310,260
202.5.155.0,202.5.155.255,202.5.0.0,Zong,PK,410,04
49.204.191.0,49.204.191.255,49.204.0.0,Airtel,IN,404,10
2607:fb90:bb23::,2607:fb90:bb23:ffff:ffff:ffff:ffff:ffff,2607:fb90:8000::,T-Mobile,US,310,260
102.10.140.0,102.10.143.255,102.10.0.0,Orange,EG,602,01
2402:800:3270::,2402:800:3270:ffff:ffff:ffff:ffff:ffff,2402:800::,Viettel Mobile,VN,452,04
2800:4b0:5400::,2800:4b0:5406:ffff:ffff:ffff:ffff:ffff,2800:4b0:4000::,Claro,PE,716,10
2607:fb90:f524::,2607:fb90:f524:ffff:ffff:ffff:ffff:ffff,2607:fb90:c000::,T-Mobile,US,310,260
2003:e0:f20::,2003:e0:f20:ffff:ffff:ffff:ffff:ffff,2003:e0::,Telekom,DE,262,01
180.6.182.0,180.6.182.255,180.6.0.0,NTT docomo,JP,440,10
23.114.23.0,23.114.23.255,23.114.0.0,AT&T,US,310,410
213.87.120.0,213.87.163.255,213.87.0.0,MTS,RU,250,01
2607:fb90:6dc6::,2607:fb90:6dc6:ffff:ffff:ffff:ffff:ffff,2607:fb90:4000::,T-Mobile,US,310,260
42.119.222.0,42.119.222.255,42.119.0.0,Viettel Mobile,VN,452,04
118.19.246.0,118.19.250.255,118.19.0.0,NTT docomo,JP,440,10
102.86.24.0,102.86.24.255,102.86.0.0,Airtel,UG,641,22
2409:4065:103::,2409:4065:103:ffff:ffff:ffff:ffff:ffff,2409:4065::,Jio,IN,405,840
75.16.167.0,75.16.167.255,75.16.0.0,AT&T,US,310,410
2a00:1fa1:164::,2a00:1fa1:164:ffff:ffff:ffff:ffff:ffff,2a00:1fa1::,MTS,RU,250,01
174.241.0.0,174.241.9.255,174.241.0.0,Verizon,US,310,012
2600:1005:b1ec::,2600:1005:b1ef:ffff:ffff:ffff:ffff:ffff,2600:1005:8000::,Verizon,US,310,012
97.156.153.0,97.156.153.255,97.156.0.0,Verizon,US,310,012
58.93.130.0,58.93.130.255,58.93.0.0,NTT docomo,JP,440,10
92.99.52.0,92.99.53.255,92.99.0.0,Etisalat,AE,424,02
85.112.69.0,85.112.69.255,85.112.0.0,Alfa,LB,415,01
94.205.192.0,94.205.193.255,94.205.0.0,du,AE,424,03
2607:fb91:d0b::,2607:fb91:d0c:ffff:ffff:ffff:ffff:ffff,2607:fb91::,T-Mobile,US,310,260
106.211.137.0,106.211.137.255,106.211.0.0,Airtel,IN,404,02
2409:40d2:1015::,2409:40d2:1015:ffff:ffff:ffff:ffff:ffff,2409:40d2::,Jio,IN,405,840
83.132.37.0,83.132.37.255,83.132.0.0,NOS,PT,268,03
2607:fb90:9c83::,2607:fb90:9c83:ffff:ffff:ffff:ffff:ffff,2607:fb90:8000::,T-Mobile,US,310,260
70.235.32.0,70.235.32.255,70.235.0.0,AT&T,US,310,410
217.164.17.0,217.164.17.255,217.164.0.0,Etisalat,AE,424,02
2a00:1fa1:86c9::,2a00:1fa1:86ca:ffff:ffff:ffff:ffff:ffff,2a00:1fa1:8000::,MTS,RU,250,01
154.123.45.0,154.123.45.255,154.123.0.0,Telkom,KE,639,07
86.130.173.0,86.130.173.255,86.130.0.0,BT,GB,234,00
2401:4900:58bf::,2401:4900:58bf:ffff:ffff:ffff:ffff:ffff,2401:4900:4000::,Airtel,IN,404,02
2a00:1fa1:c484::,2a00:1fa1:c484:ffff:ffff:ffff:ffff:ffff,2a00:1fa1:c000::,MTS,RU,250,01
104.52.212.0,104.52.215.255,104.52.0.0,AT&T,US,310,410
162.229.11.0,162.229.11.255,162.229.0.0,AT&T,US,310,410
162.228.144.0,162.228.145.255,162.228.0.0,AT&T,US,310,410
81.220.202.0,81.220.202.255,81.220.0.0,SFR,FR,208,09
176.17.116.0,176.17.131.255,176.17.0.0,Mobily,SA,420,03
91.175.154.0,91.175.154.255,91.175.0.0,Orange,FR,208,01
2a00:23ee:1530::,2a00:23ee:1530:ffff:ffff:ffff:ffff:ffff,2a00:23ee::,BT,GB,234,00
90.112.167.0,90.112.167.255,90.112.0.0,Orange,FR,208,01
108.201.73.0,108.201.73.255,108.201.0.0,AT&T,US,310,410
173.244.147.0,173.244.147.255,173.244.0.0,Beeline,KZ,401,01
189.186.139.0,189.186.141.255,189.186.0.0,Telcel,MX,334,020
45.214.62.0,45.214.73.255,45.214.0.0,Airtel,ZM,645,01
188.73.252.0,188.73.255.255,188.73.0.0,NOVA,GR,202,09
154.104.81.0,154.104.89.255,154.104.0.0,Ooredoo,TN,605,03
153.140.18.0,153.140.20.255,153.140.0.0,NTT docomo,JP,440,10
2409:4002:2e27::,2409:4002:2e27:ffff:ffff:ffff:ffff:ffff,2409:4002::,Jio,IN,405,840
2409:4071:231b::,2409:4071:231b:ffff:ffff:ffff:ffff:ffff,2409:4071::,Jio,IN,405,840
2401:d800:fc90::,2401:d800:fc9f:ffff:ffff:ffff:ffff:ffff,2401:d800:c000::,Viettel Mobile,VN,452,04
180.54.131.0,180.54.133.255,180.54.0.0,NTT docomo,JP,440,10
72.143.192.0,72.143.239.255,72.143.0.0,Rogers Wireless,CA,302,720
114.154.127.0,114.154.127.255,114.154.0.0,NTT docomo,JP,440,10
153.211.12.0,153.211.12.255,153.211.0.0,NTT docomo,JP,440,10
118.1.105.0,118.1.105.255,118.1.0.0,NTT docomo,JP,440,10
97.140.81.0,97.140.81.255,97.140.0.0,Verizon,US,310,012
93.55.40.0,93.55.40.255,93.55.0.0,Fastweb,IT,222,47
178.176.48.0,178.176.48.255,178.176.0.0,MegaFon,RU,250,02
119.234.16.0,119.234.16.255,119.234.0.0,SingTel,SG,525,01
2402:3a80:cfa::,2402:3a80:cfa:ffff:ffff:ffff:ffff:ffff,2402:3a80::,Vi India,IN,404,22
99.173.48.0,99.173.48.255,99.173.0.0,AT&T,US,310,410
2804:389:88::,2804:389:88:ffff:ffff:ffff:ffff:ffff,2804:389::,Claro,BR,724,05
105.71.17.0,105.71.18.255,105.71.0.0,INWI,MA,604,05
181.149.180.0,181.149.181.255,181.149.0.0,Claro,CO,732,101
2804:d41:a3ba::,2804:d41:a3ba:ffff:ffff:ffff:ffff:ffff,2804:d41:8000::,Claro,BR,724,05
2607:fb90:f0d0::,2607:fb90:f0d2:ffff:ffff:ffff:ffff:ffff,2607:fb90:c000::,T-Mobile,US,310,260
45.215.109.0,45.215.239.255,45.215.0.0,Airtel,ZM,645,01
2a13:54c1:f000::,2a13:54c1:f000:ffff:ffff:ffff:ffff:ffff,2a13:54c1:c000::,Cellcom,IL,425,02
5.155.110.0,5.155.113.255,5.155.0.0,Syriatel,SY,417,01
2401:4900:5c39::,2401:4900:5c39:ffff:ffff:ffff:ffff:ffff,2401:4900:4000::,Airtel,IN,404,02
154.107.127.0,154.107.131.255,154.107.0.0,Ooredoo,TN,605,03
106.221.0.0,106.221.14.255,106.221.0.0,Airtel,IN,404,02
223.188.231.0,223.188.232.255,223.188.0.0,Airtel,IN,404,02
222.146.180.0,222.146.180.255,222.146.0.0,NTT docomo,JP,440,10
196.95.170.0,196.95.170.255,196.95.0.0,IAM,MA,604,01
107.129.56.0,107.129.56.255,107.129.0.0,AT&T,US,310,410
2a00:1fa2:22f::,2a00:1fa2:23d:ffff:ffff:ffff:ffff:ffff,2a00:1fa2::,MTS,RU,250,01
69.159.105.0,69.159.107.255,69.159.0.0,Bell Mobility,CA,302,610
117.225.47.0,117.225.47.255,117.225.0.0,BSNL Mobile,IN,404,64
2409:4051:186::,2409:4051:187:ffff:ffff:ffff:ffff:ffff,2409:4051::,Jio,IN,405,840
2402:3a80:15f6::,2402:3a80:15f6:ffff:ffff:ffff:ffff:ffff,2402:3a80::,Vi India,IN,404,46
45.109.148.0,45.109.148.255,45.109.0.0,Orange,EG,602,01
2409:4061:2e08::,2409:4061:2e09:ffff:ffff:ffff:ffff:ffff,2409:4061::,Jio,IN,405,840
2401:4900:41be::,2401:4900:41be:ffff:ffff:ffff:ffff:ffff,2401:4900:4000::,Airtel,IN,404,02
108.84.5.0,108.84.6.255,108.84.0.0,AT&T,US,310,410
2401:4900:58b4::,2401:4900:58b5:ffff:ffff:ffff:ffff:ffff,2401:4900:4000::,Airtel,IN,404,02
2a00:1fa1:c2aa::,2a00:1fa1:c2aa:ffff:ffff:ffff:ffff:ffff,2a00:1fa1:c000::,MTS,RU,250,01
2402:800:620e::,2402:800:620e:ffff:ffff:ffff:ffff:ffff,2402:800:4000::,MobiFone,VN,452,01
182.66.181.0,182.66.181.255,182.66.0.0,Airtel,IN,404,02
94.182.217.0,94.182.217.255,94.182.0.0,TCI,IR,432,99
181.109.174.0,181.109.174.255,181.109.0.0,Personal,AR,722,341
95.127.164.0,95.127.166.255,95.127.0.0,Movistar,ES,214,07
196.73.30.0,196.73.30.255,196.73.0.0,IAM,MA,604,01
240f:6f:7e1b::,240f:6f:7e1b:ffff:ffff:ffff:ffff:ffff,240f:6f:4000::,au,JP,440,50
206.13.47.0,206.13.52.255,206.13.0.0,AT&T,US,310,410
2a00:1fa1:4329::,2a00:1fa1:4329:ffff:ffff:ffff:ffff:ffff,2a00:1fa1:4000::,MTS,RU,250,01
2804:388:c296::,2804:388:c296:ffff:ffff:ffff:ffff:ffff,2804:388:c000::,Claro,BR,724,05
2a00:f41:285d::,2a00:f41:285d:ffff:ffff:ffff:ffff:ffff,2a00:f41::,Orange,PL,260,03
109.75.48.0,109.75.56.255,109.75.0.0,Tcell,TJ,436,02
75.40.202.0,75.40.202.255,75.40.0.0,AT&T,US,310,410
2001:268:e85a::,2001:268:e85a:ffff:ffff:ffff:ffff:ffff,2001:268:c000::,au,JP,440,50
221.191.25.0,221.191.25.255,221.191.0.0,NTT docomo,JP,440,10
154.149.80.0,154.149.86.255,154.149.0.0,IAM,MA,604,01
2600:380:625b::,2600:380:625b:ffff:ffff:ffff:ffff:ffff,2600:380:4000::,AT&T,US,310,410
2806:109f:5::,2806:109f:5:ffff:ffff:ffff:ffff:ffff,2806:109f::,Telcel,MX,334,020
2a00:1fa1:8209::,2a00:1fa1:820a:ffff:ffff:ffff:ffff:ffff,2a00:1fa1:8000::,MTS,RU,250,01
173.3.42.0,173.3.42.255,173.3.0.0,T-Mobile,US,310,260
95.125.169.0,95.125.169.255,95.125.0.0,Movistar,ES,214,07
152.166.183.0,152.166.184.255,152.166.0.0,Altice,DO,370,01
68.193.224.0,68.193.224.255,68.193.0.0,T-Mobile,US,310,260
146.251.211.0,146.251.217.255,146.251.0.0,Mobily,SA,420,03
165.50.230.0,165.50.237.255,165.50.0.0,Orange,TN,605,01
67.71.4.0,67.71.11.255,67.71.0.0,Bell Mobility,CA,302,610
97.140.126.0,97.140.126.255,97.140.0.0,Verizon,US,310,012
104.0.0.0,104.0.1.255,104.0.0.0,AT&T,US,310,410
2a01:cb01:3023::,2a01:cb01:3024:ffff:ffff:ffff:ffff:ffff,2a01:cb01::,Orange,FR,208,01
45.27.224.0,45.27.224.255,45.27.0.0,AT&T,US,310,410
2806:2f0:1140::,2806:2f0:1141:ffff:ffff:ffff:ffff:ffff,2806:2f0::,Telcel,MX,334,020
114.176.45.0,114.176.46.255,114.176.0.0,NTT docomo,JP,440,10
2a01:cb09:e02e::,2a01:cb09:e02e:ffff:ffff:ffff:ffff:ffff,2a01:cb09:c000::,Orange,FR,208,01
2800:370:f8::,2800:370:f8:ffff:ffff:ffff:ffff:ffff,2800:370::,CNT Mobile,EC,740,02
211.135.210.0,211.135.210.255,211.135.0.0,NTT docomo,JP,440,10
67.87.57.0,67.87.57.255,67.87.0.0,T-Mobile,US,310,260
42.115.248.0,42.115.249.255,42.115.0.0,Viettel Mobile,VN,452,04
197.16.205.0,197.16.211.255,197.16.0.0,Ooredoo,TN,605,03
153.235.69.0,153.235.69.255,153.235.0.0,NTT docomo,JP,440,10
188.171.85.0,188.171.86.255,188.171.0.0,Movistar,ES,214,07
2001:1715:4e20::,2001:1715:4e20:ffff:ffff:ffff:ffff:ffff,2001:1715:4000::,Sunrise,CH,228,02
97.180.246.0,97.180.246.255,97.180.0.0,Verizon,US,310,012
102.9.153.0,102.9.154.255,102.9.0.0,Orange,EG,602,01
2607:fb90:6020::,2607:fb90:6020:ffff:ffff:ffff:ffff:ffff,2607:fb90:4000::,T-Mobile,US,310,260
2c0f:fc89:36::,2c0f:fc89:4b:ffff:ffff:ffff:ffff:ffff,2c0f:fc89::,Etisalat,EG,602,03
213.139.49.0,213.139.49.255,213.139.0.0,Orange,JO,416,77
2405:204:22ab::,2405:204:22ae:ffff:ffff:ffff:ffff:ffff,2405:204::,Jio,IN,405,840
67.117.110.0,67.117.111.255,67.117.0.0,AT&T,US,310,410
2001:b400:e20a::,2001:b400:e20b:ffff:ffff:ffff:ffff:ffff,2001:b400:c000::,Chunghwa,TW,466,92
2409:4073:213::,2409:4073:213:ffff:ffff:ffff:ffff:ffff,2409:4073::,Jio,IN,405,840
39.62.203.0,39.62.203.255,39.62.0.0,3G EVO / CharJi 4G,PK,410,02
2607:fb90:d445::,2607:fb90:d44a:ffff:ffff:ffff:ffff:ffff,2607:fb90:c000::,T-Mobile,US,310,260
2409:4060:210d::,2409:4060:210e:ffff:ffff:ffff:ffff:ffff,2409:4060::,Jio,IN,405,840
5.250.114.0,5.250.114.255,5.250.0.0,IR-TCI (Hamrah-e-Avval),IR,432,11
99.106.52.0,99.106.53.255,99.106.0.0,AT&T,US,310,410
240b:c010:450::,240b:c010:451:ffff:ffff:ffff:ffff:ffff,240b:c010::,Rakuten Mobile,JP,440,11
186.255.0.0,186.255.255.255,186.255.0.0,TIM,BR,724,02
60.88.112.0,60.88.127.255,60.88.0.0,SoftBank,JP,440,20
2401:d800:d9eb::,2401:d800:d9ed:ffff:ffff:ffff:ffff:ffff,2401:d800:c000::,Viettel Mobile,VN,452,04
102.89.0.0,102.89.1.255,102.89.0.0,MTN,NG,621,30
105.145.106.0,105.145.106.255,105.145.0.0,IAM,MA,604,01
2a02:8440:c109::,2a02:8440:c11a:ffff:ffff:ffff:ffff:ffff,2a02:8440:c000::,SFR,FR,208,09
2607:fb91:1009::,2607:fb91:1009:ffff:ffff:ffff:ffff:ffff,2607:fb91::,T-Mobile,US,310,260
222.146.100.0,222.146.100.255,222.146.0.0,NTT docomo,JP,440,10
2a00:23ee:15c8::,2a00:23ee:15c8:ffff:ffff:ffff:ffff:ffff,2a00:23ee::,BT,GB,234,00
106.128.56.0,106.128.63.255,106.128.0.0,au,JP,440,50
108.88.168.0,108.88.168.255,108.88.0.0,AT&T,US,310,410
2a04:cec0:1095::,2a04:cec0:1097:ffff:ffff:ffff:ffff:ffff,2a04:cec0::,Bouygues,FR,208,20
110.44.115.0,110.44.115.255,110.44.0.0,Namaste / NT Mobile / Sky Phone,NP,429,01
2402:800:3bed::,2402:800:3bed:ffff:ffff:ffff:ffff:ffff,2402:800::,Viettel Mobile,VN,452,04
42.1.99.0,42.1.101.255,42.1.0.0,MobiFone,VN,452,01
2600:380:b059::,2600:380:b05d:ffff:ffff:ffff:ffff:ffff,2600:380:8000::,AT&T,US,310,410
154.231.84.0,154.231.84.255,154.231.0.0,Airtel,UG,641,22
2001:44c8:42ef::,2001:44c8:42f0:ffff:ffff:ffff:ffff:ffff,2001:44c8:4000::,AIS,TH,520,03
95.168.105.0,95.168.105.255,95.168.0.0,A1 HR,HR,219,10
153.132.109.0,153.132.109.255,153.132.0.0,NTT docomo,JP,440,10
109.108.173.0,109.108.173.255,109.108.0.0,IR-TCI (Hamrah-e-Avval),IR,432,11
207.194.98.0,207.194.98.255,207.194.0.0,"Telus Mobility, Koodo Mobile, Public Mobile",CA,302,220
107.141.241.0,107.141.242.255,107.141.0.0,AT&T,US,310,410
5.108.154.0,5.108.154.255,5.108.0.0,Mobily,SA,420,03
2402:800:560e::,2402:800:560e:ffff:ffff:ffff:ffff:ffff,2402:800:4000::,Viettel Mobile,VN,452,04
42.114.151.0,42.114.151.255,42.114.0.0,Viettel Mobile,VN,452,04
240a:b:4824::,240a:b:4826:ffff:ffff:ffff:ffff:ffff,240a:b:4000::,NTT docomo,JP,440,10
63.196.54.0,63.196.54.255,63.196.0.0,AT&T,US,310,410
107.242.121.0,107.242.121.255,107.242.0.0,IT&E Wireless,US,310,032
2607:fb90:aa38::,2607:fb90:aa39:ffff:ffff:ffff:ffff:ffff,2607:fb90:8000::,T-Mobile,US,310,260
2600:381:100::,2600:381:180:ffff:ffff:ffff:ffff:ffff,2600:381::,AT&T,US,310,410
107.216.68.0,107.216.68.255,107.216.0.0,AT&T,US,310,410
76.192.15.0,76.192.15.255,76.192.0.0,AT&T,US,310,410
2402:b400:446c::,2402:b400:446c:ffff:ffff:ffff:ffff:ffff,2402:b400:4000::,Yes,MY,502,152
2401:4900:1b40::,2401:4900:1b41:ffff:ffff:ffff:ffff:ffff,2401:4900::,Airtel,IN,404,10
119.238.244.0,119.238.247.255,119.238.0.0,NTT docomo,JP,440,10
108.213.180.0,108.213.180.255,108.213.0.0,AT&T,US,310,410
94.59.122.0,94.59.123.255,94.59.0.0,Etisalat,AE,424,02
88.203.77.0,88.203.77.255,88.203.0.0,Melita,MT,278,77
89.198.240.0,89.198.255.255,89.198.0.0,IR-TCI (Hamrah-e-Avval),IR,432,11
46.99.1.0,46.99.1.255,46.99.0.0,Vala,XK,221,01
5.52.70.0,5.52.71.255,5.52.0.0,IR-TCI (Hamrah-e-Avval),IR,432,11
2607:fb90:3417::,2607:fb90:3422:ffff:ffff:ffff:ffff:ffff,2607:fb90::,T-Mobile,US,310,260
2401:d800:dc85::,2401:d800:dc85:ffff:ffff:ffff:ffff:ffff,2401:d800:c000::,Viettel Mobile,VN,452,04
2804:389:a0e8::,2804:389:a0e8:ffff:ffff:ffff:ffff:ffff,2804:389:8000::,Claro,BR,724,05
2a00:1fa0:842b::,2a00:1fa0:842b:ffff:ffff:ffff:ffff:ffff,2a00:1fa0:8000::,MTS,RU,250,01
106.211.128.0,106.211.128.255,106.211.0.0,Airtel,IN,404,02
2a00:1fa0:aad::,2a00:1fa0:aad:ffff:ffff:ffff:ffff:ffff,2a00:1fa0::,MTS,RU,250,01
2800:810:433::,2800:810:433:ffff:ffff:ffff:ffff:ffff,2800:810::,Movistar,AR,722,010
124.102.74.0,124.102.74.255,124.102.0.0,NTT docomo,JP,440,10
187.190.156.0,187.190.156.255,187.190.0.0,Telcel,MX,334,020
2804:389:f065::,2804:389:f065:ffff:ffff:ffff:ffff:ffff,2804:389:c000::,Claro,BR,724,05
197.6.120.0,197.6.120.255,197.6.0.0,Tunicell,TN,605,02
178.239.254.0,178.239.254.255,178.239.0.0,Movistar,ES,214,07
222.144.37.0,222.144.37.255,222.144.0.0,NTT docomo,JP,440,10
2401:d800:9745::,2401:d800:9746:ffff:ffff:ffff:ffff:ffff,2401:d800:8000::,Viettel Mobile,VN,452,04
154.145.43.0,154.145.57.255,154.145.0.0,IAM,MA,604,01
93.43.164.0,93.43.165.255,93.43.0.0,Fastweb,IT,222,47
184.148.144.0,184.148.146.255,184.148.0.0,Bell Mobility,CA,302,610
2607:fb90:fe2d::,2607:fb90:fe30:ffff:ffff:ffff:ffff:ffff,2607:fb90:c000::,T-Mobile,US,310,260
174.225.7.0,174.225.8.255,174.225.0.0,Verizon,US,310,012
2001:fb1:12c::,2001:fb1:12f:ffff:ffff:ffff:ffff:ffff,2001:fb1::,AIS,TH,520,03
37.214.83.0,37.214.83.255,37.214.0.0,A1,BY,257,01
102.7.248.0,102.7.249.255,102.7.0.0,Airtel,KE,639,03
154.108.163.0,154.108.164.255,154.108.0.0,Ooredoo,TN,605,03
37.30.42.0,37.30.42.255,37.30.0.0,T-Mobile,PL,260,02
47.8.84.0,47.8.85.255,47.8.0.0,Jio,IN,405,840
2804:2a4c:1003::,2804:2a4c:1003:ffff:ffff:ffff:ffff:ffff,2804:2a4c::,Vivo,BR,724,06
148.76.35.0,148.76.35.255,148.76.0.0,T-Mobile,US,310,260
2401:d800:2100::,2401:d800:2101:ffff:ffff:ffff:ffff:ffff,2401:d800::,Viettel Mobile,VN,452,04
189.203.1.0,189.203.1.255,189.203.0.0,AT&T / Unefon,MX,334,050
2a00:1fa2:44f3::,2a00:1fa2:44f9:ffff:ffff:ffff:ffff:ffff,2a00:1fa2:4000::,MTS,RU,250,01
2607:fb90:56ad::,2607:fb90:56b1:ffff:ffff:ffff:ffff:ffff,2607:fb90:4000::,T-Mobile,US,310,260
76.202.161.0,76.202.161.255,76.202.0.0,AT&T,US,310,410
99.111.121.0,99.111.121.255,99.111.0.0,AT&T,US,310,410
2402:800:6235::,2402:800:6235:ffff:ffff:ffff:ffff:ffff,2402:800:4000::,Vinaphone,VN,452,02
108.199.18.0,108.199.18.255,108.199.0.0,AT&T,US,310,410
2600:100f:b048::,2600:100f:b059:ffff:ffff:ffff:ffff:ffff,2600:100f:8000::,Verizon,US,310,012
2401:d800:940f::,2401:d800:940f:ffff:ffff:ffff:ffff:ffff,2401:d800:8000::,Viettel Mobile,VN,452,04
175.223.28.0,175.223.36.255,175.223.0.0,Olleh,KR,450,08
114.176.226.0,114.176.226.255,114.176.0.0,NTT docomo,JP,440,10
96.20.154.0,96.20.154.255,96.20.0.0,Videotron,CA,302,500
180.28.181.0,180.28.181.255,180.28.0.0,NTT docomo,JP,440,10
154.226.170.0,154.226.170.255,154.226.0.0,Airtel,UG,641,22
108.64.85.0,108.64.85.255,108.64.0.0,AT&T,US,310,410
184.145.70.0,184.145.70.255,184.145.0.0,Bell Mobility,CA,302,610
45.119.228.0,45.119.231.255,45.119.0.0,BSNL Mobile,IN,404,59
45.30.100.0,45.30.101.255,45.30.0.0,AT&T,US,310,410
103.100.4.0,103.100.4.255,103.100.0.0,Jio,IN,405,840
2402:9d80:346::,2402:9d80:350:ffff:ffff:ffff:ffff:ffff,2402:9d80::,MobiFone,VN,452,01
102.108.48.0,102.108.48.255,102.108.0.0,Ooredoo,TN,605,03
178.112.77.0,178.112.79.255,178.112.0.0,3,AT,232,05
103.144.170.0,103.144.170.255,103.144.0.0,3,ID,510,89
104.51.222.0,104.51.222.255,104.51.0.0,AT&T,US,310,410
68.199.43.0,68.199.43.255,68.199.0.0,T-Mobile,US,310,260
106.192.250.0,106.192.255.255,106.192.0.0,Airtel,IN,404,02
102.85.89.0,102.85.89.255,102.85.0.0,Airtel,UG,641,22
2409:4072:210::,2409:4072:211:ffff:ffff:ffff:ffff:ffff,2409:4072::,Jio,IN,405,840
69.149.47.0,69.149.47.255,69.149.0.0,AT&T,US,310,410
2607:fb91:14ae::,2607:fb91:14af:ffff:ffff:ffff:ffff:ffff,2607:fb91::,T-Mobile,US,310,260
153.154.107.0,153.154.107.255,153.154.0.0,NTT docomo,JP,440,10
24.185.104.0,24.185.104.255,24.185.0.0,T-Mobile,US,310,260
206.172.108.0,206.172.109.255,206.172.0.0,Bell Mobility,CA,302,610
2607:fb90:3390::,2607:fb90:3390:ffff:ffff:ffff:ffff:ffff,2607:fb90::,T-Mobile,US,310,260
160.169.186.0,160.169.192.255,160.169.0.0,IAM,MA,604,01
104.187.103.0,104.187.103.255,104.187.0.0,AT&T,US,310,410
107.200.220.0,107.200.221.255,107.200.0.0,AT&T,US,310,410
2607:fb90:a84b::,2607:fb90:a84b:ffff:ffff:ffff:ffff:ffff,2607:fb90:8000::,T-Mobile,US,310,260
105.197.164.0,105.197.167.255,105.197.0.0,Vodafone,EG,602,02
186.24.181.0,186.24.181.255,186.24.0.0,Movistar,VE,734,04
2a01:599:a1e::,2a01:599:a1e:ffff:ffff:ffff:ffff:ffff,2a01:599::,Telekom,DE,262,01
174.219.0.0,174.219.29.255,174.219.0.0,Verizon,US,310,012
2607:fc20:b2d0::,2607:fc20:b2d1:ffff:ffff:ffff:ffff:ffff,2607:fc20:8000::,T-Mobile,US,310,260
75.26.53.0,75.26.55.255,75.26.0.0,AT&T,US,310,410
108.71.223.0,108.71.223.255,108.71.0.0,AT&T,US,310,410
160.171.66.0,160.171.97.255,160.171.0.0,IAM,MA,604,01
122.30.75.0,122.30.75.255,122.30.0.0,NTT docomo,JP,440,10
102.28.228.0,102.28.228.255,102.28.0.0,Tunicell,TN,605,02
2401:d800:5844::,2401:d800:5844:ffff:ffff:ffff:ffff:ffff,2401:d800:4000::,Viettel Mobile,VN,452,04
2409:4061:2e03::,2409:4061:2e04:ffff:ffff:ffff:ffff:ffff,2409:4061::,Jio,IN,405,840
75.211.48.0,75.211.48.255,75.211.0.0,Verizon,US,310,012
2600:1014:b022::,2600:1014:b024:ffff:ffff:ffff:ffff:ffff,2600:1014:8000::,Verizon,US,310,012
2a00:23c5:750b::,2a00:23c5:750b:ffff:ffff:ffff:ffff:ffff,2a00:23c5:4000::,BT,GB,234,00
2409:40e0:104a::,2409:40e0:104a:ffff:ffff:ffff:ffff:ffff,2409:40e0::,Jio,IN,405,840
2607:fb90:8e80::,2607:fb90:8e81:ffff:ffff:ffff:ffff:ffff,2607:fb90:8000::,T-Mobile,US,310,260
45.212.34.0,45.212.36.255,45.212.0.0,Airtel,ZM,645,01
108.198.10.0,108.198.10.255,108.198.0.0,AT&T,US,310,410
152.174.15.0,152.174.15.255,152.174.0.0,Movistar,CL,730,02
102.6.78.0,102.6.78.255,102.6.0.0,Airtel,KE,639,03
105.206.0.0,105.206.255.255,105.206.0.0,Etisalat,EG,602,03
2600:1700:b970::,2600:1700:b970:ffff:ffff:ffff:ffff:ffff,2600:1700:8000::,AT&T,US,310,090
2409:4053:2092::,2409:4053:2092:ffff:ffff:ffff:ffff:ffff,2409:4053::,Jio,IN,405,840
197.20.207.0,197.20.208.255,197.20.0.0,Ooredoo,TN,605,03
126.204.192.0,126.204.199.255,126.204.0.0,SoftBank,JP,440,20
177.59.0.0,177.59.12.255,177.59.0.0,Claro,BR,724,05
157.41.8.0,157.41.9.255,157.41.0.0,Jio,IN,405,840
142.114.220.0,142.114.223.255,142.114.0.0,Bell Mobility,CA,302,610
102.11.149.0,102.11.151.255,102.11.0.0,Orange,EG,602,01
105.232.116.0,105.232.116.255,105.232.0.0,MTC,NA,649,01
108.194.208.0,108.194.208.255,108.194.0.0,AT&T,US,310,410
2401:4900:41b8::,2401:4900:41b8:ffff:ffff:ffff:ffff:ffff,2401:4900:4000::,Airtel,IN,404,02
223.186.97.0,223.186.98.255,223.186.0.0,Airtel,IN,404,02
2607:fb90:7c2d::,2607:fb90:7c2d:ffff:ffff:ffff:ffff:ffff,2607:fb90:4000::,T-Mobile,US,310,260
197.241.120.0,197.241.120.255,197.241.0.0,Evatis,DJ,638,01
2a00:23ee:2150::,2a00:23ee:2150:ffff:ffff:ffff:ffff:ffff,2a00:23ee::,BT,GB,234,00
2a00:1fa2:c4c2::,2a00:1fa2:c4c2:ffff:ffff:ffff:ffff:ffff,2a00:1fa2:c000::,MTS,RU,250,01
124.84.214.0,124.84.214.255,124.84.0.0,NTT docomo,JP,440,10
220.104.116.0,220.104.116.255,220.104.0.0,NTT docomo,JP,440,10
176.18.215.0,176.18.219.255,176.18.0.0,Mobily,SA,420,03
240b:11:8ee2::,240b:11:8ee2:ffff:ffff:ffff:ffff:ffff,240b:11:8000::,au,JP,440,50
2607:fb90:2778::,2607:fb90:2778:ffff:ffff:ffff:ffff:ffff,2607:fb90::,T-Mobile,US,310,260
2806:10be:9::,2806:10be:c:ffff:ffff:ffff:ffff:ffff,2806:10be::,Telcel,MX,334,020
107.84.0.0,107.84.255.255,107.84.0.0,AT&T,US,310,410
2600:1004:b16f::,2600:1004:b16f:ffff:ffff:ffff:ffff:ffff,2600:1004:8000::,Verizon,US,310,012
166.147.105.0,166.147.120.7,166.147.0.0,AT&T,US,310,410
108.198.50.0,108.198.50.255,108.198.0.0,AT&T,US,310,410
108.66.129.0,108.66.130.255,108.66.0.0,AT&T,US,310,410
196.87.249.0,196.87.249.255,196.87.0.0,IAM,MA,604,01
154.110.147.0,154.110.147.255,154.110.0.0,Ooredoo,TN,605,03
2604:3d09:2385::,2604:3d09:2385:ffff:ffff:ffff:ffff:ffff,2604:3d09::,Freedom Mobile,CA,302,490
126.157.34.0,126.157.35.255,126.157.0.0,SoftBank,JP,440,20
2a00:1fa1:e00::,2a00:1fa1:e00:ffff:ffff:ffff:ffff:ffff,2a00:1fa1::,MTS,RU,250,01
2600:1017:1113::,2600:1017:111d:ffff:ffff:ffff:ffff:ffff,2600:1017::,Verizon,US,310,012
2a00:f41:90d0::,2a00:f41:90d0:ffff:ffff:ffff:ffff:ffff,2a00:f41:8000::,Orange,PL,260,03
2607:fc20:ce2e::,2607:fc20:ce2f:ffff:ffff:ffff:ffff:ffff,2607:fc20:c000::,T-Mobile,US,310,260
2408:840c:1a1f::,2408:840c:1a1f:ffff:ffff:ffff:ffff:ffff,2408:840c::,China Unicom,CN,460,01
2001:16a2:c1ec::,2001:16a2:c1ef:ffff:ffff:ffff:ffff:ffff,2001:16a2:c000::,Al Jawal (STC),SA,420,01
2a00:1fa0:86a7::,2a00:1fa0:86a8:ffff:ffff:ffff:ffff:ffff,2a00:1fa0:8000::,MTS,RU,250,01
206.172.223.0,206.172.223.255,206.172.0.0,Bell Mobility,CA,302,610
2a00:f41:880::,2a00:f41:880:ffff:ffff:ffff:ffff:ffff,2a00:f41::,Orange,PL,260,03
49.35.178.0,49.35.178.255,49.35.0.0,Jio,IN,405,840
197.106.0.0,197.106.255.255,197.106.0.0,Cell C,ZA,655,07
2607:fb90:794c::,2607:fb90:794c:ffff:ffff:ffff:ffff:ffff,2607:fb90:4000::,T-Mobile,US,310,260
31.143.0.0,31.143.6.255,31.143.0.0,Turkcell,TR,286,01
102.31.58.0,102.31.58.255,102.31.0.0,Tunicell,TN,605,02
2a00:1fa1:388::,2a00:1fa1:388:ffff:ffff:ffff:ffff:ffff,2a00:1fa1::,MTS,RU,250,01
104.53.157.0,104.53.158.255,104.53.0.0,AT&T,US,310,410
122.26.215.0,122.26.219.255,122.26.0.0,NTT docomo,JP,440,10
2405:204:1225::,2405:204:1226:ffff:ffff:ffff:ffff:ffff,2405:204::,Jio,IN,405,840
2607:fb90:aa10::,2607:fb90:aa10:ffff:ffff:ffff:ffff:ffff,2607:fb90:8000::,T-Mobile,US,310,260
196.97.55.0,196.97.61.255,196.97.0.0,Safaricom,KE,639,02
2409:4060:2099::,2409:4060:209b:ffff:ffff:ffff:ffff:ffff,2409:4060::,Jio,IN,405,840
58.91.237.0,58.91.237.255,58.91.0.0,NTT docomo,JP,440,10
2600:1011:b124::,2600:1011:b12f:ffff:ffff:ffff:ffff:ffff,2600:1011:8000::,Verizon,US,310,012
69.113.37.0,69.113.37.255,69.113.0.0,T-Mobile,US,310,260
102.145.47.0,102.145.48.255,102.145.0.0,Airtel,ZM,645,01
2a02:cb80:4017::,2a02:cb80:4017:ffff:ffff:ffff:ffff:ffff,2a02:cb80:4000::,Zain SA,SA,420,04
113.210.56.0,113.210.64.255,113.210.0.0,Maxis,MY,502,12
177.227.51.0,177.227.51.255,177.227.0.0,Telcel,MX,334,020
102.111.11.0,102.111.11.255,102.111.0.0,Ooredoo,TN,605,03
172.12.100.0,172.12.101.255,172.12.0.0,AT&T,US,310,410
173.2.29.0,173.2.29.255,173.2.0.0,T-Mobile,US,310,260
105.168.86.0,105.168.92.255,105.168.0.0,UNITEL,AO,631,02
2405:4802:6efc::,2405:4802:6efc:ffff:ffff:ffff:ffff:ffff,2405:4802:4000::,MobiFone,VN,452,01
2401:4900:5215::,2401:4900:5216:ffff:ffff:ffff:ffff:ffff,2401:4900:4000::,Airtel,IN,404,10
2401:d800:fb8d::,2401:d800:fb8f:ffff:ffff:ffff:ffff:ffff,2401:d800:c000::,Viettel Mobile,VN,452,04
2607:fb90:e862::,2607:fb90:e862:ffff:ffff:ffff:ffff:ffff,2607:fb90:c000::,T-Mobile,US,310,260
102.166.17.0,102.166.22.255,102.166.0.0,Telkom,KE,639,07
75.159.44.0,75.159.55.255,75.159.0.0,"Telus Mobility, Koodo Mobile, Public Mobile",CA,302,220
79.133.184.0,79.133.191.255,79.133.0.0,Altel,KZ,401,07
191.119.45.0,191.119.45.255,191.119.0.0,CLARO CL,CL,730,03
36.37.201.0,36.37.201.255,36.37.0.0,Metfone,KH,456,08
2600:380:7b48::,2600:380:7b48:ffff:ffff:ffff:ffff:ffff,2600:380:4000::,AT&T,US,310,410
2409:4072:68b::,2409:4072:68f:ffff:ffff:ffff:ffff:ffff,2409:4072::,Jio,IN,405,840
106.158.37.0,106.158.37.255,106.158.0.0,au,JP,440,50
206.116.168.0,206.116.169.255,206.116.0.0,"Telus Mobility, Koodo Mobile, Public Mobile",CA,302,220
102.111.214.0,102.111.214.255,102.111.0.0,Ooredoo,TN,605,03
187.210.189.0,187.210.189.255,187.210.0.0,Telcel,MX,334,020
2607:fb90:7220::,2607:fb90:722e:ffff:ffff:ffff:ffff:ffff,2607:fb90:4000::,T-Mobile,US,310,260
49.226.0.0,49.226.255.255,49.226.0.0,Vodafone,NZ,530,01
174.92.92.0,174.92.95.255,174.92.0.0,Bell Mobility,CA,302,610
37.238.58.0,37.238.58.255,37.238.0.0,Asia Cell,IQ,418,05
2607:fb90:7947::,2607:fb90:794a:ffff:ffff:ffff:ffff:ffff,2607:fb90:4000::,T-Mobile,US,310,260
180.23.193.0,180.23.193.255,180.23.0.0,NTT docomo,JP,440,10
86.184.170.0,86.184.170.255,86.184.0.0,BT,GB,234,00
153.231.155.0,153.231.156.255,153.231.0.0,NTT docomo,JP,440,10
102.111.68.0,102.111.68.255,102.111.0.0,Ooredoo,TN,605,03
2600:380:a298::,2600:380:a298:ffff:ffff:ffff:ffff:ffff,2600:380:8000::,AT&T,US,310,410
102.111.79.0,102.111.79.255,102.111.0.0,Ooredoo,TN,605,03
2405:204:a60c::,2405:204:a60c:ffff:ffff:ffff:ffff:ffff,2405:204:8000::,Jio,IN,405,840
42.106.69.0,42.106.71.255,42.106.0.0,Vi India,IN,404,22
118.9.166.0,118.9.166.255,118.9.0.0,NTT docomo,JP,440,10
132.184.0.0,132.184.0.255,132.184.0.0,Entel,PE,716,17
188.236.43.0,188.236.59.255,188.236.0.0,zain KW,KW,419,02
2409:4043:2507::,2409:4043:2508:ffff:ffff:ffff:ffff:ffff,2409:4043::,Jio,IN,405,840
102.7.116.0,102.7.117.255,102.7.0.0,Airtel,KE,639,03
153.173.193.0,153.173.193.255,153.173.0.0,NTT docomo,JP,440,10
14.231.50.0,14.231.50.255,14.231.0.0,Vinaphone,VN,452,02
190.150.219.0,190.150.219.255,190.150.0.0,Tigo,SV,706,03
2607:fb90:eaa4::,2607:fb90:eaa5:ffff:ffff:ffff:ffff:ffff,2607:fb90:c000::,T-Mobile,US,310,260
75.216.219.0,75.216.219.255,75.216.0.0,Verizon,US,310,012
102.147.15.0,102.147.21.255,102.147.0.0,Airtel,ZM,645,01
2402:3a80:1e6c::,2402:3a80:1e6c:ffff:ffff:ffff:ffff:ffff,2402:3a80::,Vi India,IN,404,22
102.75.160.0,102.75.160.255,102.75.0.0,IAM,MA,604,01
2a00:f41:2cbe::,2a00:f41:2cbe:ffff:ffff:ffff:ffff:ffff,2a00:f41::,Orange,PL,260,03
2409:4042:2711::,2409:4042:2711:ffff:ffff:ffff:ffff:ffff,2409:4042::,Jio,IN,405,840
2401:d800:4f4::,2401:d800:4f6:ffff:ffff:ffff:ffff:ffff,2401:d800::,Viettel Mobile,VN,452,04
2001:16a2:c0c9::,2001:16a2:c0c9:ffff:ffff:ffff:ffff:ffff,2001:16a2:c000::,Al Jawal (STC),SA,420,01
2409:4070:219f::,2409:4070:219f:ffff:ffff:ffff:ffff:ffff,2409:4070::,Jio,IN,405,840
197.21.6.0,197.21.8.255,197.21.0.0,Ooredoo,TN,605,03
2401:d800:fe40::,2401:d800:fe41:ffff:ffff:ffff:ffff:ffff,2401:d800:c000::,Viettel Mobile,VN,452,04
99.46.8.0,99.46.8.255,99.46.0.0,AT&T,US,310,410
114.187.222.0,114.187.223.255,114.187.0.0,NTT docomo,JP,440,10
114.190.163.0,114.190.163.255,114.190.0.0,NTT docomo,JP,440,10
70.24.204.0,70.24.207.255,70.24.0.0,Bell Mobility,CA,302,610
37.239.49.0,37.239.49.255,37.239.0.0,Asia Cell,IQ,418,05
196.233.107.0,196.233.136.255,196.233.0.0,Orange,TN,605,01
2409:40d2:5c::,2409:40d2:5e:ffff:ffff:ffff:ffff:ffff,2409:40d2::,Jio,IN,405,840
197.213.0.0,197.213.7.255,197.213.0.0,Airtel,ZM,645,01
197.179.185.0,197.179.214.255,197.179.0.0,Safaricom,KE,639,02
2402:800:6233::,2402:800:6234:ffff:ffff:ffff:ffff:ffff,2402:800:4000::,Viettel Mobile,VN,452,04
2402:8100:2517::,2402:8100:2517:ffff:ffff:ffff:ffff:ffff,2402:8100::,Vi India,IN,404,01
2401:4900:34f8::,2401:4900:34fb:ffff:ffff:ffff:ffff:ffff,2401:4900::,Airtel,IN,404,10
2401:4900:261f::,2401:4900:2622:ffff:ffff:ffff:ffff:ffff,2401:4900::,Airtel,IN,404,02
99.137.84.0,99.137.84.255,99.137.0.0,AT&T,US,310,410
220.97.42.0,220.97.42.255,220.97.0.0,NTT docomo,JP,440,10
99.100.99.0,99.100.99.255,99.100.0.0,AT&T,US,310,410
2a00:23c4:d413::,2a00:23c4:d413:ffff:ffff:ffff:ffff:ffff,2a00:23c4:c000::,BT,GB,234,00
93.33.77.0,93.33.81.255,93.33.0.0,Fastweb,IT,222,47
5.108.42.0,5.108.46.255,5.108.0.0,Mobily,SA,420,03
82.180.231.0,82.180.233.255,82.180.0.0,IR-TCI (Hamrah-e-Avval),IR,432,11
77.234.44.0,77.234.44.255,77.234.0.0,Claro,PE,716,10
223.217.10.0,223.217.11.255,223.217.0.0,NTT docomo,JP,440,10
2a00:1fa0:8650::,2a00:1fa0:8650:ffff:ffff:ffff:ffff:ffff,2a00:1fa0:8000::,MTS,RU,250,01
2a02:3035:c17::,2a02:3035:c17:ffff:ffff:ffff:ffff:ffff,2a02:3035::,O2,DE,262,03
2607:fb91:22c4::,2607:fb91:22c4:ffff:ffff:ffff:ffff:ffff,2607:fb91::,T-Mobile,US,310,260
2409:4042:2417::,2409:4042:241a:ffff:ffff:ffff:ffff:ffff,2409:4042::,Jio,IN,405,840
37.17.148.0,37.17.148.255,37.17.0.0,Korek,IQ,418,40
188.33.232.0,188.33.234.255,188.33.0.0,Play,PL,260,06
106.219.0.0,106.219.3.255,106.219.0.0,Airtel,IN,404,02
108.70.55.0,108.70.55.255,108.70.0.0,AT&T,US,310,410
104.184.244.0,104.184.244.255,104.184.0.0,AT&T,US,310,410
102.12.85.0,102.12.85.255,102.12.0.0,Orange,EG,602,01
222.10.237.0,222.10.237.255,222.10.0.0,au,JP,440,50
70.29.168.0,70.29.171.255,70.29.0.0,Bell Mobility,CA,302,610
2001:44c8:408a::,2001:44c8:408a:ffff:ffff:ffff:ffff:ffff,2001:44c8:4000::,AIS,TH,520,03
117.161.0.0,117.161.255.255,117.161.0.0,China Mobile,CN,460,00
81.158.228.0,81.158.228.255,81.158.0.0,BT,GB,234,00
2607:fb90:9a8b::,2607:fb90:9a8b:ffff:ffff:ffff:ffff:ffff,2607:fb90:8000::,T-Mobile,US,310,260
99.140.58.0,99.140.59.255,99.140.0.0,AT&T,US,310,410
2806:370:9773::,2806:370:9774:ffff:ffff:ffff:ffff:ffff,2806:370:8000::,Telcel,MX,334,020
2607:fb90:e847::,2607:fb90:e849:ffff:ffff:ffff:ffff:ffff,2607:fb90:c000::,T-Mobile,US,310,260
2607:fb90:8a1a::,2607:fb90:8a1b:ffff:ffff:ffff:ffff:ffff,2607:fb90:8000::,T-Mobile,US,310,260
2401:d800:960c::,2401:d800:960d:ffff:ffff:ffff:ffff:ffff,2401:d800:8000::,Viettel Mobile,VN,452,04
126.163.84.0,126.163.164.255,126.163.0.0,SoftBank,JP,440,20
196.91.240.0,196.91.240.255,196.91.0.0,IAM,MA,604,01
2607:fb90:e8a7::,2607:fb90:e8ac:ffff:ffff:ffff:ffff:ffff,2607:fb90:c000::,T-Mobile,US,310,260
191.136.208.0,191.136.255.255,191.136.0.0,TIM,BR,724,02
240a:b:4804::,240a:b:4806:ffff:ffff:ffff:ffff:ffff,240a:b:4000::,NTT docomo,JP,440,10
126.200.0.0,126.200.0.255,126.200.0.0,SoftBank,JP,440,20
2405:204:202c::,2405:204:202c:ffff:ffff:ffff:ffff:ffff,2405:204::,Jio,IN,405,840
122.30.192.0,122.30.193.255,122.30.0.0,NTT docomo,JP,440,10
106.163.143.0,106.163.143.255,106.163.0.0,au,JP,440,50
180.23.119.0,180.23.121.255,180.23.0.0,NTT docomo,JP,440,10
102.79.131.0,102.79.131.255,102.79.0.0,IAM,MA,604,01
114.187.155.0,114.187.155.255,114.187.0.0,NTT docomo,JP,440,10
2607:fc20:e00f::,2607:fc20:e00f:ffff:ffff:ffff:ffff:ffff,2607:fc20:c000::,T-Mobile,US,310,260
2804:14c:4185::,2804:14c:4185:ffff:ffff:ffff:ffff:ffff,2804:14c:4000::,Claro,BR,724,05
125.26.233.0,125.26.233.255,125.26.0.0,AIS,TH,520,03
2409:4062:2380::,2409:4062:2380:ffff:ffff:ffff:ffff:ffff,2409:4062::,Jio,IN,405,840
60.66.46.0,60.66.54.255,60.66.0.0,SoftBank,JP,440,20
41.221.207.0,41.221.207.255,41.221.0.0,CVMOVEL,CV,625,01
223.189.27.0,223.189.27.255,223.189.0.0,Airtel,IN,404,02
23.113.238.0,23.113.238.255,23.113.0.0,AT&T,US,310,410
196.236.149.0,196.236.151.255,196.236.0.0,Orange,TN,605,01
178.249.203.0,178.249.206.255,178.249.0.0,Vodafone,IT,222,10
125.204.11.0,125.204.11.255,125.204.0.0,NTT docomo,JP,440,10
240a:10:4940::,240a:10:4949:ffff:ffff:ffff:ffff:ffff,240a:10:4000::,NTT docomo,JP,440,10
146.251.38.0,146.251.40.255,146.251.0.0,Mobily,SA,420,03
193.4.238.0,193.4.239.255,193.4.0.0,Vodafone,IS,274,02
154.154.115.0,154.154.115.255,154.154.0.0,Airtel,KE,639,03
99.11.232.0,99.11.233.255,99.11.0.0,AT&T,US,310,410
176.252.82.0,176.252.83.255,176.252.0.0,O2 (UK),GB,234,10
200.85.23.0,200.85.24.255,200.85.0.0,Tigo,SV,706,03
89.209.4.0,89.209.4.255,89.209.0.0,Vodafone,UA,255,01
153.229.104.0,153.229.104.255,153.229.0.0,NTT docomo,JP,440,10
197.239.0.0,197.239.8.255,197.239.0.0,Airtel,UG,641,22
77.205.52.0,77.205.53.255,77.205.0.0,SFR,FR,208,09
2607:fb90:3fa7::,2607:fb90:3fa8:ffff:ffff:ffff:ffff:ffff,2607:fb90::,T-Mobile,US,310,260
2800:98:122a::,2800:98:122a:ffff:ffff:ffff:ffff:ffff,2800:98::,Claro,CR,712,03
2409:4055:2e4a::,2409:4055:2e4c:ffff:ffff:ffff:ffff:ffff,2409:4055::,Jio,IN,405,840
223.187.176.0,223.187.179.255,223.187.0.0,Airtel,IN,404,02
104.189.27.0,104.189.27.255,104.189.0.0,AT&T,US,310,410
2409:4064:2510::,2409:4064:2510:ffff:ffff:ffff:ffff:ffff,2409:4064::,Jio,IN,405,840
68.77.200.0,68.77.200.255,68.77.0.0,AT&T,US,310,410
75.252.38.0,75.252.38.255,75.252.0.0,Verizon,US,310,012
70.142.199.0,70.142.199.255,70.142.0.0,AT&T,US,310,410
2402:800:f5c4::,2402:800:f5c4:ffff:ffff:ffff:ffff:ffff,2402:800:c000::,Viettel Mobile,VN,452,04
2804:14d:32a3::,2804:14d:32a3:ffff:ffff:ffff:ffff:ffff,2804:14d::,Claro,BR,724,05
153.132.17.0,153.132.18.255,153.132.0.0,NTT docomo,JP,440,10
2003:f6:6f16::,2003:f6:6f16:ffff:ffff:ffff:ffff:ffff,2003:f6:4000::,Telekom,DE,262,01
2001:ee0:47dc::,2001:ee0:47de:ffff:ffff:ffff:ffff:ffff,2001:ee0:4000::,Vinaphone,VN,452,02
187.184.104.0,187.184.107.255,187.184.0.0,Telcel,MX,334,020
86.175.180.0,86.175.180.255,86.175.0.0,BT,GB,234,00
104.183.225.0,104.183.225.255,104.183.0.0,AT&T,US,310,410
42.118.115.0,42.118.119.255,42.118.0.0,Viettel Mobile,VN,452,04
2001:fb1:58::,2001:fb1:5b:ffff:ffff:ffff:ffff:ffff,2001:fb1::,AIS,TH,520,03
180.20.159.0,180.20.159.255,180.20.0.0,NTT docomo,JP,440,10
2607:fb91:49b::,2607:fb91:49b:ffff:ffff:ffff:ffff:ffff,2607:fb91::,T-Mobile,US,310,260
2001:44c8:42f2::,2001:44c8:42f2:ffff:ffff:ffff:ffff:ffff,2001:44c8:4000::,AIS,TH,520,03
27.145.86.0,27.145.86.255,27.145.0.0,AIS,TH,520,03
2409:4002:2e2c::,2409:4002:2e2c:ffff:ffff:ffff:ffff:ffff,2409:4002::,Jio,IN,405,840
2a02:9130:80a0::,2a02:9130:80ab:ffff:ffff:ffff:ffff:ffff,2a02:9130:8000::,Movistar,ES,214,07
2607:fb90:387a::,2607:fb90:387b:ffff:ffff:ffff:ffff:ffff,2607:fb90::,T-Mobile,US,310,260
102.50.139.0,102.50.139.255,102.50.0.0,IAM,MA,604,01
2402:800:bc2b::,2402:800:bc2b:ffff:ffff:ffff:ffff:ffff,2402:800:8000::,Viettel Mobile,VN,452,04
177.28.0.0,177.28.255.255,177.28.0.0,TIM,BR,724,02
108.167.200.0,108.167.200.255,108.167.0.0,Cellcom,US,311,840
2401:d800:d510::,2401:d800:d510:ffff:ffff:ffff:ffff:ffff,2401:d800:c000::,Viettel Mobile,VN,452,04
154.111.0.0,154.111.13.255,154.111.0.0,Ooredoo,TN,605,03
2607:fb90:e308::,2607:fb90:e308:ffff:ffff:ffff:ffff:ffff,2607:fb90:c000::,T-Mobile,US,310,260
78.210.105.0,78.210.107.255,78.210.0.0,Iliad,IT,222,50
68.199.125.0,68.199.125.255,68.199.0.0,T-Mobile,US,310,260
2409:4052:2e8a::,2409:4052:2e8b:ffff:ffff:ffff:ffff:ffff,2409:4052::,Jio,IN,405,840
102.138.163.0,102.138.163.255,102.138.0.0,MTN,CI,612,05
190.233.45.0,190.233.45.255,190.233.0.0,Movistar,PE,716,06
99.58.110.0,99.58.110.255,99.58.0.0,AT&T,US,310,410
2001:268:e20d::,2001:268:e20d:ffff:ffff:ffff:ffff:ffff,2001:268:c000::,au,JP,440,50
114.170.32.0,114.170.34.255,114.170.0.0,NTT docomo,JP,440,10
2607:fb90:e30c::,2607:fb90:e30d:ffff:ffff:ffff:ffff:ffff,2607:fb90:c000::,T-Mobile,US,310,260
102.168.117.0,102.168.118.255,102.168.0.0,Ooredoo,TN,605,03
