start_ip,end_ip,join_key,hosting,proxy,tor,vpn,relay,service
88.217.136.66,88.217.136.66,88.217.0.0,,,,true,,
195.206.41.71,195.206.41.71,195.206.0.0,,,,true,,
207.188.151.85,207.188.151.85,207.188.0.0,,,,true,,
220.236.119.163,220.236.119.163,220.236.0.0,,,,true,,
3.25.241.22,3.25.245.60,3.25.0.0,true,,,,,
2a0f:c943:c000::,2a0f:c943:ffff:ffff:ffff:ffff:ffff:ffff,2a0f:c943:c000::,true,,,,,
84.232.146.36,84.232.146.36,84.232.0.0,,,,true,,
69.74.35.210,69.74.35.210,69.74.0.0,,,,true,,
93.227.246.123,93.227.246.123,93.227.0.0,,,,true,,
91.62.247.247,91.62.247.247,91.62.0.0,,,,true,,
124.49.114.243,124.49.114.243,124.49.0.0,,,,true,,
52.192.207.242,52.192.208.115,52.192.0.0,true,,,,,
15.164.64.1,15.164.64.61,15.164.0.0,true,,,,,
84.112.33.174,84.112.33.174,84.112.0.0,,,,true,,
67.168.173.84,67.168.173.84,67.168.0.0,,,,true,,
165.236.185.227,165.236.191.255,165.236.0.0,true,,,,,
177.155.238.24,177.155.238.24,177.155.0.0,,,,true,,
78.134.91.40,78.134.91.40,78.134.0.0,,,,true,,
193.38.140.7,193.38.140.7,193.38.0.0,true,,,,,
185.3.169.36,185.3.169.37,185.3.0.0,,,,true,,
3.14.241.150,3.14.241.175,3.14.0.0,true,,,,,
91.200.225.4,91.200.225.4,91.200.0.0,,,,true,,
2a0d:df45:c000::,2a0d:df45:ffff:ffff:ffff:ffff:ffff:ffff,2a0d:df45:c000::,true,,,,,
44.234.220.77,44.234.221.93,44.234.0.0,true,,,,,
198.52.193.54,198.52.193.54,198.52.0.0,true,,,true,,
1.160.158.242,1.160.158.242,1.160.0.0,,,,true,,
216.123.216.226,216.123.216.226,216.123.0.0,,,,true,,
190.108.219.26,190.108.219.26,190.108.0.0,,,,true,,
191.250.185.231,191.250.185.231,191.250.0.0,,,,true,,
93.148.175.146,93.148.175.146,93.148.0.0,,,,true,,
157.97.56.210,157.97.56.210,157.97.0.0,,,,true,,
42.126.95.106,42.126.95.106,42.126.0.0,,,,true,,
153.135.200.246,153.135.200.246,153.135.0.0,,,,true,,
193.227.199.69,193.227.199.69,193.227.0.0,,,,true,,
52.17.23.170,52.17.24.116,52.17.0.0,true,,,,,
153.167.153.81,153.167.153.81,153.167.0.0,,,,true,,
18.210.126.151,18.210.126.211,18.210.0.0,true,,,,,
82.200.231.108,82.200.231.108,82.200.0.0,,,,true,,
124.103.11.58,124.103.11.58,124.103.0.0,,,,true,,
83.43.233.57,83.43.233.57,83.43.0.0,,,,true,,
167.99.31.115,167.99.31.152,167.99.0.0,true,,,,,
210.5.163.26,210.5.163.26,210.5.0.0,true,,,true,,
84.54.130.169,84.54.130.169,84.54.0.0,,,,true,,
88.215.5.57,88.215.5.57,88.215.0.0,,,,true,,
51.52.161.50,51.52.161.50,51.52.0.0,,,,true,,
50.214.197.189,50.214.197.189,50.214.0.0,,,,true,,
190.104.251.178,190.104.251.178,190.104.0.0,true,,,true,,
197.255.194.19,197.255.194.24,197.255.0.0,,,,true,,
54.156.5.89,54.156.5.116,54.156.0.0,true,,,,,
3.212.255.90,3.212.255.90,3.212.0.0,true,,,true,,
87.252.98.179,87.252.98.179,87.252.0.0,,,,true,,
58.142.104.28,58.142.104.28,58.142.0.0,,,,true,,
32.204.0.0,32.204.255.255,32.204.0.0,true,,,,,
37.110.51.115,37.110.51.115,37.110.0.0,,,,true,,
103.137.84.196,103.137.84.196,103.137.0.0,,,,true,,
23.242.210.10,23.242.210.10,23.242.0.0,,,,true,,
79.148.117.5,79.148.117.5,79.148.0.0,,,,true,,
185.18.54.124,185.18.54.125,185.18.0.0,true,,,true,,
188.16.27.167,188.16.27.167,188.16.0.0,,,,true,,
15.237.117.168,15.237.117.168,15.237.0.0,true,,,true,,
217.235.207.93,217.235.207.93,217.235.0.0,,,,true,,
2a0e:77c1::,2a0e:77c1:3fff:ffff:ffff:ffff:ffff:ffff,2a0e:77c1::,true,,,,,
122.15.13.209,122.15.13.209,122.15.0.0,,,,true,,
3.112.251.239,3.112.253.185,3.112.0.0,true,,,,,
115.91.1.74,115.91.1.74,115.91.0.0,,,,true,,
15.157.17.118,15.157.17.118,15.157.0.0,true,,,true,,
203.45.130.131,203.45.130.131,203.45.0.0,,,,true,,
79.151.22.29,79.151.22.29,79.151.0.0,,,,true,,
96.56.116.138,96.56.116.138,96.56.0.0,,,,true,,
184.67.137.134,184.67.137.134,184.67.0.0,,,,true,,
37.234.108.47,37.234.108.47,37.234.0.0,,,,true,,
184.184.151.94,184.184.151.94,184.184.0.0,,,,true,,
213.35.179.10,213.35.179.10,213.35.0.0,,,,true,,
82.202.243.173,82.202.244.1,82.202.0.0,true,,,,,
179.233.123.115,179.233.123.115,179.233.0.0,,,,true,,
103.102.176.250,103.102.176.250,103.102.0.0,,,,true,,
109.69.114.76,109.69.114.76,109.69.0.0,true,,,true,,
211.54.249.204,211.54.249.204,211.54.0.0,,,,true,,
66.103.169.228,66.103.169.228,66.103.0.0,,,,true,,
206.204.237.165,206.204.237.165,206.204.0.0,,,,true,,
75.150.50.69,75.150.50.69,75.150.0.0,,,,true,,
46.142.57.151,46.142.57.151,46.142.0.0,,,,true,,
3.130.103.90,3.130.103.90,3.130.0.0,true,,,true,,
142.36.254.43,142.36.254.44,142.36.0.0,,,,true,,
41.74.166.235,41.74.166.235,41.74.0.0,,,,true,,
188.38.205.218,188.38.205.218,188.38.0.0,,,,true,,
94.30.45.96,94.30.45.147,94.30.0.0,true,,,,,
103.193.138.161,103.193.138.161,103.193.0.0,,,,true,,
184.145.8.121,184.145.8.121,184.145.0.0,,,,true,,
114.184.95.208,114.184.95.208,114.184.0.0,,,,true,,
151.49.236.158,151.49.236.158,151.49.0.0,,,,true,,
69.14.171.58,69.14.171.58,69.14.0.0,,,,true,,
85.13.236.3,85.13.236.217,85.13.0.0,true,,,,,
77.61.50.161,77.61.50.161,77.61.0.0,,,,true,,
42.200.117.172,42.200.117.172,42.200.0.0,,,,true,,
54.248.149.147,54.248.150.102,54.248.0.0,true,,,,,
75.147.169.33,75.147.169.33,75.147.0.0,,,,true,,
185.26.57.58,185.26.57.58,185.26.0.0,,,,true,,
62.12.0.242,62.12.0.242,62.12.0.0,,,,true,,
188.122.18.7,188.122.18.7,188.122.0.0,,,,true,,
210.136.202.241,210.136.202.242,210.136.0.0,,,,true,,
50.74.12.205,50.74.12.205,50.74.0.0,,,,true,,
3.129.78.214,3.129.79.3,3.129.0.0,true,,,,,
171.247.212.108,171.247.212.108,171.247.0.0,,,,true,,
24.134.205.138,24.134.205.138,24.134.0.0,,,,true,,
192.3.231.120,192.3.231.120,192.3.0.0,true,,,true,,
125.27.105.116,125.27.105.116,125.27.0.0,,,,true,,
51.219.207.206,51.219.207.206,51.219.0.0,,,,true,,
93.43.65.209,93.43.65.209,93.43.0.0,,,,true,,
18.134.190.15,18.134.190.49,18.134.0.0,true,,,,,
2001:df7:9e81::,2001:df7:9eff:ffff:ffff:ffff:ffff:ffff,2001:df7:8000::,true,,,,,
185.34.11.246,185.34.11.246,185.34.0.0,,,,true,,
50.169.7.226,50.169.7.226,50.169.0.0,,,,true,,
124.154.111.151,124.154.111.151,124.154.0.0,,,,true,,
221.156.46.25,221.156.46.25,221.156.0.0,,,,true,,
2603:c37:c000::,2603:c37:ffff:ffff:ffff:ffff:ffff:ffff,2603:c37:c000::,true,,,,,
87.229.241.194,87.229.241.194,87.229.0.0,,,,true,,
135.125.3.222,135.125.3.222,135.125.0.0,true,,,true,,
200.183.116.50,200.183.116.50,200.183.0.0,,,,true,,
51.175.61.30,51.175.61.30,51.175.0.0,,,,true,,
185.199.31.89,185.199.31.123,185.199.0.0,true,,,,,
3.135.84.215,3.135.84.238,3.135.0.0,true,,,,,
110.44.194.196,110.44.194.196,110.44.0.0,,,,true,,VPN Gate
64.183.9.26,64.183.9.26,64.183.0.0,,,,true,,
76.19.33.216,76.19.33.216,76.19.0.0,,,,true,,
4.59.145.141,4.59.145.143,4.59.0.0,,,,true,,
71.80.92.86,71.80.92.86,71.80.0.0,,,,true,,
138.219.15.217,138.219.15.218,138.219.0.0,,,,true,,
58.82.241.160,58.82.241.160,58.82.0.0,,,,true,,
103.43.233.221,103.43.235.255,103.43.0.0,true,,,,,
123.48.91.1,123.48.91.1,123.48.0.0,,,,true,,
35.73.209.41,35.73.209.180,35.73.0.0,true,,,,,
129.222.12.10,129.222.12.10,129.222.0.0,,,,true,,
91.66.249.254,91.66.249.254,91.66.0.0,,,,true,,
83.189.150.34,83.189.150.34,83.189.0.0,,,,true,,
18.178.14.62,18.178.14.62,18.178.0.0,true,,,true,,
24.177.114.21,24.177.114.21,24.177.0.0,,,,true,,
81.128.211.250,81.128.211.250,81.128.0.0,,,,true,,
85.220.190.61,85.220.190.113,85.220.0.0,true,,,,,
89.88.134.7,89.88.134.7,89.88.0.0,,,,true,,
75.197.128.193,75.197.128.193,75.197.0.0,,,,true,,
113.173.235.200,113.173.235.200,113.173.0.0,,,,true,,
31.164.145.132,31.164.145.132,31.164.0.0,,,,true,,
107.185.11.17,107.185.11.17,107.185.0.0,,,,true,,
18.213.232.171,18.213.233.180,18.213.0.0,true,,,,,
109.85.71.26,109.85.71.26,109.85.0.0,,,,true,,
97.76.39.130,97.76.39.130,97.76.0.0,,,,true,,
91.213.99.0,91.213.99.138,91.213.0.0,true,,,,,
69.178.136.0,69.178.136.17,69.178.0.0,true,,,true,,
212.36.161.238,212.36.161.238,212.36.0.0,,,,true,,
212.98.191.177,212.98.191.177,212.98.0.0,true,,,true,,
14.98.99.122,14.98.99.122,14.98.0.0,,,,true,,
96.69.131.41,96.69.131.45,96.69.0.0,,,,true,,
220.76.247.236,220.76.247.236,220.76.0.0,,,,true,,
3.39.85.67,3.39.85.67,3.39.0.0,true,,,true,,
69.244.149.3,69.244.149.3,69.244.0.0,,,,true,,
89.175.193.246,89.175.193.246,89.175.0.0,,,,true,,
185.159.153.214,185.159.153.224,185.159.0.0,true,,,,,
93.43.50.98,93.43.50.98,93.43.0.0,,,,true,,
72.78.249.242,72.78.249.245,72.78.0.0,,,,true,,
18.230.22.34,18.230.22.233,18.230.0.0,true,,,,,
47.205.230.131,47.205.230.131,47.205.0.0,,,,true,,
54.216.230.81,54.216.230.81,54.216.0.0,true,,,true,,
192.190.255.78,192.190.255.79,192.190.0.0,true,,,,,
82.64.206.48,82.64.206.48,82.64.0.0,,,,true,,
151.2.191.20,151.2.191.20,151.2.0.0,,,,true,,
2a04:f184:c000::,2a04:f184:ffff:ffff:ffff:ffff:ffff:ffff,2a04:f184:c000::,true,,,,,
176.97.67.120,176.97.67.120,176.97.0.0,true,,,true,,
200.68.111.133,200.68.111.133,200.68.0.0,true,,,true,,
52.221.21.137,52.221.21.137,52.221.0.0,true,,,true,,
81.62.168.90,81.62.168.90,81.62.0.0,,,,true,,
81.248.42.7,81.248.42.7,81.248.0.0,,,,true,,
44.228.255.201,44.228.255.201,44.228.0.0,true,,,true,,
212.19.96.63,212.19.96.63,212.19.0.0,true,,,true,,
13.114.246.83,13.114.246.165,13.114.0.0,true,,,,,
87.75.218.194,87.75.218.194,87.75.0.0,,,,true,,
194.60.197.221,194.60.197.221,194.60.0.0,,,,true,,
96.78.231.213,96.78.231.213,96.78.0.0,,,,true,,
89.145.251.174,89.145.251.188,89.145.0.0,true,,,,,
83.203.38.228,83.203.38.228,83.203.0.0,,,,true,,
52.90.246.106,52.90.246.106,52.90.0.0,true,,,true,,
52.31.146.105,52.31.146.161,52.31.0.0,true,,,,,
94.113.249.162,94.113.249.162,94.113.0.0,,,,true,,
217.234.149.207,217.234.149.207,217.234.0.0,,,,true,,
80.145.65.62,80.145.65.62,80.145.0.0,,,,true,,
109.202.58.234,109.202.58.234,109.202.0.0,,,,true,,
23.25.69.169,23.25.69.169,23.25.0.0,,,,true,,
85.221.211.134,85.221.211.134,85.221.0.0,,,,true,,
13.230.202.33,13.230.202.67,13.230.0.0,true,,,,,
149.233.2.145,149.233.2.159,149.233.0.0,true,,,,,
87.138.242.233,87.138.242.233,87.138.0.0,,,,true,,
52.73.242.85,52.73.242.208,52.73.0.0,true,,,,,
153.191.147.204,153.191.147.204,153.191.0.0,,,,true,,
210.237.34.73,210.237.34.73,210.237.0.0,,,,true,,
84.250.252.116,84.250.252.116,84.250.0.0,,,,true,,
78.8.156.200,78.8.156.200,78.8.0.0,,,,true,,
76.71.230.170,76.71.230.170,76.71.0.0,,,,true,,
50.231.6.10,50.231.6.10,50.231.0.0,,,,true,,
2a07:2c03::,2a07:2c03:3fff:ffff:ffff:ffff:ffff:ffff,2a07:2c03::,true,,,,,
185.213.160.14,185.213.160.14,185.213.0.0,,,,true,,
210.9.150.178,210.9.150.178,210.9.0.0,,,,true,,
213.106.181.212,213.106.181.212,213.106.0.0,,,,true,,
96.1.99.70,96.1.99.70,96.1.0.0,,,,true,,
78.111.230.164,78.111.230.167,78.111.0.0,,,,true,,
100.40.214.129,100.40.214.129,100.40.0.0,,,,true,,
54.65.117.15,54.65.118.72,54.65.0.0,true,,,,,
185.76.162.2,185.76.162.12,185.76.0.0,,,,true,,
91.33.61.204,91.33.61.204,91.33.0.0,,,,true,,
198.50.157.255,198.50.160.5,198.50.0.0,true,,,,,
64.183.0.90,64.183.0.90,64.183.0.0,,,,true,,
126.37.232.42,126.37.232.42,126.37.0.0,,,,true,,
83.254.204.80,83.254.204.80,83.254.0.0,,,,true,,
106.70.111.131,106.70.111.131,106.70.0.0,,,,true,,
5.185.17.102,5.185.17.102,5.185.0.0,,,,true,,
15.222.249.125,15.222.249.125,15.222.0.0,true,,,true,,
185.19.210.6,185.19.210.6,185.19.0.0,,,,true,,
208.103.77.50,208.103.77.50,208.103.0.0,,,,true,,
114.34.88.15,114.34.88.15,114.34.0.0,,,,true,,
110.44.88.74,110.44.88.74,110.44.0.0,,,,true,,
2a09:1e85::,2a09:1e85:3fff:ffff:ffff:ffff:ffff:ffff,2a09:1e85::,true,,,,,
1.44.91.242,1.44.91.242,1.44.0.0,,,,true,,
35.178.151.219,35.178.152.12,35.178.0.0,true,,,,,
129.237.160.1,129.237.160.1,129.237.0.0,,,,true,,
98.174.170.52,98.174.170.53,98.174.0.0,,,,true,,
76.214.113.81,76.214.113.81,76.214.0.0,,,,true,,
64.42.179.246,64.42.179.246,64.42.0.0,true,,,true,,unspyable
109.170.172.233,109.170.172.240,109.170.0.0,true,,,,,
220.147.180.29,220.147.180.29,220.147.0.0,,,,true,,
180.47.44.51,180.47.44.51,180.47.0.0,,,,true,,
184.58.85.164,184.58.85.164,184.58.0.0,,,,true,,
191.240.152.106,191.240.152.106,191.240.0.0,,,,true,,
85.74.215.161,85.74.215.161,85.74.0.0,,,,true,,
160.154.206.26,160.154.206.26,160.154.0.0,,,,true,,
72.165.83.154,72.165.83.154,72.165.0.0,,,,true,,
103.190.238.138,103.190.238.138,103.190.0.0,,,,true,,
185.172.162.211,185.172.162.211,185.172.0.0,,,,true,,
167.57.61.142,167.57.61.142,167.57.0.0,,,,true,,
84.241.134.201,84.241.134.209,84.241.0.0,true,,,,,
18.153.159.143,18.153.159.162,18.153.0.0,true,,,,,
199.182.56.0,199.182.56.49,199.182.0.0,true,,,,,
113.33.221.210,113.33.221.210,113.33.0.0,,,,true,,
36.229.77.28,36.229.77.28,36.229.0.0,,,,true,,
2a12:1783:8000::,2a12:1783:bfff:ffff:ffff:ffff:ffff:ffff,2a12:1783:8000::,true,,,,,
210.97.61.193,210.97.61.193,210.97.0.0,,,,true,,
50.213.102.101,50.213.102.101,50.213.0.0,,,,true,,
62.96.178.80,62.96.178.95,62.96.0.0,,,,true,,
150.95.200.117,150.95.201.31,150.95.0.0,true,,,,,
24.178.176.209,24.178.176.209,24.178.0.0,,,,true,,
87.138.194.143,87.138.194.143,87.138.0.0,,,,true,,
217.69.204.132,217.69.204.132,217.69.0.0,,,,true,,
94.230.153.140,94.230.153.145,94.230.0.0,true,,,,,
61.76.178.81,61.76.178.81,61.76.0.0,,,,true,,
92.39.132.179,92.39.132.189,92.39.0.0,true,,,,,
175.235.43.239,175.235.43.239,175.235.0.0,,,,true,,
139.5.165.79,139.5.165.83,139.5.0.0,,,,true,,
52.41.203.3,52.41.203.159,52.41.0.0,true,,,,,
138.201.24.129,138.201.24.137,138.201.0.0,true,,,,,
84.242.70.102,84.242.70.102,84.242.0.0,,,,true,,
188.43.2.45,188.43.2.45,188.43.0.0,,,,true,,
94.155.19.0,94.155.19.31,94.155.0.0,,,,true,,
47.152.122.98,47.152.122.98,47.152.0.0,,,,true,,
149.100.162.77,149.100.162.77,149.100.0.0,,,,true,,
2001:678:6c0::,2001:678:6c0:ffff:ffff:ffff:ffff:ffff,2001:678::,true,,,,,
86.98.83.119,86.98.83.119,86.98.0.0,,,,true,,
174.61.142.59,174.61.142.59,174.61.0.0,,,,true,,
189.1.3.202,189.1.3.202,189.1.0.0,,,,true,,
81.213.143.118,81.213.143.118,81.213.0.0,,,,true,,
80.154.92.58,80.154.92.58,80.154.0.0,,,,true,,
136.38.134.126,136.38.134.126,136.38.0.0,,,,true,,
59.154.130.126,59.154.130.126,59.154.0.0,,,,true,,
195.200.244.83,195.200.244.83,195.200.0.0,,,,true,,
169.239.6.210,169.239.6.211,169.239.0.0,,,,true,,
80.139.110.163,80.139.110.163,80.139.0.0,,,,true,,
80.109.108.157,80.109.108.157,80.109.0.0,,,,true,,
83.251.211.226,83.251.211.226,83.251.0.0,,,,true,,
119.205.88.12,119.205.88.12,119.205.0.0,,,,true,,
86.7.107.163,86.7.107.163,86.7.0.0,,,,true,,
153.150.10.230,153.150.10.230,153.150.0.0,,,,true,,
140.120.185.185,140.120.185.185,140.120.0.0,,,,true,,
194.135.42.36,194.135.42.38,194.135.0.0,,,,true,,
86.109.107.235,86.109.107.236,86.109.0.0,true,,,true,,
91.84.52.184,91.84.52.191,91.84.0.0,,,,true,,
47.23.0.210,47.23.0.210,47.23.0.0,,,,true,,
93.47.13.140,93.47.13.140,93.47.0.0,,,,true,,
172.104.100.250,172.104.101.5,172.104.0.0,true,,,,,
93.241.83.10,93.241.83.10,93.241.0.0,,,,true,,
210.104.164.98,210.104.164.98,210.104.0.0,,,,true,,
157.185.110.134,157.185.110.134,157.185.0.0,,,,true,,
12.124.178.190,12.124.178.190,12.124.0.0,,,,true,,
202.140.139.51,202.140.139.51,202.140.0.0,true,,,true,,
193.42.21.163,193.42.21.163,193.42.0.0,,,,true,,
43.131.244.87,43.131.244.167,43.131.0.0,true,,,,,
84.144.98.56,84.144.98.56,84.144.0.0,,,,true,,
109.205.162.146,109.205.162.146,109.205.0.0,,,,true,,
98.28.222.191,98.28.222.191,98.28.0.0,,,,true,,
134.122.189.87,134.122.189.120,134.122.0.0,true,,,,,
72.133.81.50,72.133.81.50,72.133.0.0,,,,true,,
107.170.21.20,107.170.23.20,107.170.0.0,true,,,,,
78.131.55.141,78.131.55.141,78.131.0.0,,,,true,,
24.134.205.102,24.134.205.102,24.134.0.0,,,,true,,
24.218.223.211,24.218.223.211,24.218.0.0,,,,true,,
79.202.38.33,79.202.38.33,79.202.0.0,,,,true,,
185.89.239.165,185.89.239.251,185.89.0.0,true,,,,,
2a12:adc6::,2a12:adc6:3fff:ffff:ffff:ffff:ffff:ffff,2a12:adc6::,true,,,,,
2409:263f::,2409:263f:3fff:ffff:ffff:ffff:ffff:ffff,2409:263f::,true,,,,,
74.77.32.171,74.77.32.171,74.77.0.0,,,,true,,
188.60.236.179,188.60.236.179,188.60.0.0,,,,true,,
85.10.41.11,85.10.41.11,85.10.0.0,,,,true,,
94.187.236.220,94.187.236.220,94.187.0.0,,,,true,,
87.140.63.202,87.140.63.202,87.140.0.0,,,,true,,
198.52.167.100,198.52.167.101,198.52.0.0,,,,true,,
78.186.199.222,78.186.199.222,78.186.0.0,,,,true,,
66.230.246.13,66.230.246.13,66.230.0.0,,,,true,,
202.29.235.41,202.29.235.42,202.29.0.0,,,,true,,
5.2.196.234,5.2.196.234,5.2.0.0,,,,true,,
171.6.4.141,171.6.4.141,171.6.0.0,,,,true,,
31.54.77.86,31.54.77.86,31.54.0.0,,,,true,,
52.48.57.235,52.48.58.95,52.48.0.0,true,,,,,
80.147.145.178,80.147.145.178,80.147.0.0,,,,true,,
81.2.12.76,81.2.12.76,81.2.0.0,,,,true,,
14.36.252.242,14.36.252.242,14.36.0.0,,,,true,,
151.177.224.167,151.177.224.167,151.177.0.0,,,,true,,
71.25.96.77,71.25.96.77,71.25.0.0,,,,true,,
1.162.0.15,1.162.0.15,1.162.0.0,,,,true,,
114.188.172.23,114.188.172.23,114.188.0.0,,,,true,,
69.64.165.204,69.64.165.204,69.64.0.0,true,,,true,,
2001:df0:1541::,2001:df0:157f:ffff:ffff:ffff:ffff:ffff,2001:df0::,true,,,,,
194.19.131.246,194.19.131.246,194.19.0.0,,,,true,,
54.214.122.96,54.214.122.96,54.214.0.0,true,,,true,,
103.15.56.229,103.15.56.229,103.15.0.0,,,,true,,
2a0f:2703:c000::,2a0f:2703:ffff:ffff:ffff:ffff:ffff:ffff,2a0f:2703:c000::,true,,,,,
82.197.179.253,82.197.179.254,82.197.0.0,true,,,true,,
173.163.104.17,173.163.104.17,173.163.0.0,,,,true,,
120.150.185.245,120.150.185.245,120.150.0.0,,,,true,,
3.115.198.14,3.115.198.31,3.115.0.0,true,,,,,
213.224.4.71,213.224.4.71,213.224.0.0,,,,true,,
89.96.133.145,89.96.133.145,89.96.0.0,,,,true,,
109.250.38.200,109.250.38.200,109.250.0.0,,,,true,,
189.108.119.10,189.108.119.10,189.108.0.0,,,,true,,
52.34.46.153,52.34.46.153,52.34.0.0,true,,,true,,
34.170.220.255,34.170.220.255,34.170.0.0,true,,,true,,
180.14.136.216,180.14.136.216,180.14.0.0,,,,true,,
2a13:9506:8000::,2a13:9506:bfff:ffff:ffff:ffff:ffff:ffff,2a13:9506:8000::,true,,,,,
83.56.88.113,83.56.88.113,83.56.0.0,,,,true,,
220.117.130.189,220.117.130.189,220.117.0.0,,,,true,,
69.36.85.171,69.36.85.171,69.36.0.0,,,,true,,
34.116.244.251,34.116.246.43,34.116.0.0,true,,,,,
138.128.247.102,138.128.247.103,138.128.0.0,true,,,true,,
207.210.212.18,207.210.212.18,207.210.0.0,true,,,true,,
223.217.130.75,223.217.130.75,223.217.0.0,,,,true,,
203.153.195.18,203.153.195.18,203.153.0.0,,,,true,,
185.176.247.141,185.176.247.141,185.176.0.0,true,,,,,
217.182.158.200,217.182.159.117,217.182.0.0,true,,,,,
84.226.164.142,84.226.164.142,84.226.0.0,,,,true,,
172.116.191.123,172.116.191.123,172.116.0.0,,,,true,,
3.34.173.165,3.34.173.207,3.34.0.0,true,,,,,
90.12.113.36,90.12.113.36,90.12.0.0,,,,true,,
50.237.36.83,50.237.36.95,50.237.0.0,,,,true,,
208.99.32.10,208.99.32.10,208.99.0.0,,,,true,,
77.104.147.204,77.104.147.207,77.104.0.0,,,,true,,
81.90.7.81,81.90.7.81,81.90.0.0,,,,true,,
36.106.3.226,36.106.3.226,36.106.0.0,,,,true,,
51.171.61.142,51.171.61.142,51.171.0.0,,,,true,,
192.77.191.210,192.77.191.210,192.77.0.0,,,,true,,
2a0b:76c2:c000::,2a0b:76c2:ffff:ffff:ffff:ffff:ffff:ffff,2a0b:76c2:c000::,true,,,,,
44.215.196.74,44.215.196.74,44.215.0.0,true,,,true,,
140.190.19.44,140.190.19.46,140.190.0.0,,,,true,,
75.110.9.139,75.110.9.139,75.110.0.0,,,,true,,
111.246.25.177,111.246.25.177,111.246.0.0,,,,true,,
50.89.165.237,50.89.165.237,50.89.0.0,,,,true,,
106.255.245.146,106.255.245.146,106.255.0.0,,,,true,,
202.174.114.85,202.174.114.85,202.174.0.0,true,,,true,,
92.104.105.137,92.104.105.137,92.104.0.0,,,,true,,
111.171.205.11,111.171.205.11,111.171.0.0,true,,,true,,
85.130.253.98,85.130.253.98,85.130.0.0,,,,true,,
108.7.211.178,108.7.211.178,108.7.0.0,,,,true,,
213.169.47.162,213.169.47.162,213.169.0.0,,,,true,,
35.73.219.11,35.73.219.40,35.73.0.0,true,,,,,
173.42.49.141,173.42.49.141,173.42.0.0,,,,true,,
20.223.89.133,20.223.89.133,20.223.0.0,,,,true,,
47.111.237.31,47.111.239.161,47.111.0.0,true,,,,,
194.5.15.205,194.5.15.206,194.5.0.0,,,,true,,
166.154.140.208,166.154.140.209,166.154.0.0,,,,true,,
2603:56:8000::,2603:56:bfff:ffff:ffff:ffff:ffff:ffff,2603:56:8000::,true,,,,,
24.142.200.90,24.142.200.90,24.142.0.0,,,,true,,
120.88.118.3,120.88.118.3,120.88.0.0,,,,true,,
1.215.229.18,1.215.229.18,1.215.0.0,,,,true,,
24.129.156.90,24.129.156.90,24.129.0.0,,,,true,,
89.212.238.74,89.212.238.75,89.212.0.0,,,,true,,
108.35.245.21,108.35.245.21,108.35.0.0,,,,true,,
103.201.142.74,103.201.142.74,103.201.0.0,,,,true,,
185.156.39.104,185.156.39.104,185.156.0.0,,,,true,,
37.224.105.19,37.224.105.19,37.224.0.0,,,,true,,
65.39.85.57,65.39.85.57,65.39.0.0,,,,true,,
18.132.6.79,18.132.6.99,18.132.0.0,true,,,,,
185.137.26.35,185.137.26.47,185.137.0.0,true,,,true,,
14.243.147.80,14.243.147.80,14.243.0.0,,,,true,,
144.91.224.200,144.91.224.207,144.91.0.0,true,,,,,
44.205.151.70,44.205.151.130,44.205.0.0,true,,,,,
35.182.164.9,35.182.165.4,35.182.0.0,true,,,,,
173.9.146.233,173.9.146.233,173.9.0.0,,,,true,,
90.121.98.97,90.121.98.97,90.121.0.0,,,,true,,
213.229.171.114,213.229.171.114,213.229.0.0,,,,true,,
84.39.240.175,84.39.240.175,84.39.0.0,,,,true,,
74.94.111.101,74.94.111.101,74.94.0.0,,,,true,,
185.234.105.56,185.234.105.56,185.234.0.0,,,,true,,
46.138.252.247,46.138.252.247,46.138.0.0,,,,true,,
174.1.67.11,174.1.67.11,174.1.0.0,,,,true,,
125.229.14.83,125.229.14.83,125.229.0.0,,,,true,,
101.32.109.65,101.32.109.65,101.32.0.0,true,,,true,,
178.166.72.156,178.166.72.156,178.166.0.0,,,,true,,
137.220.119.237,137.220.119.237,137.220.0.0,,,,true,,
178.174.162.78,178.174.162.78,178.174.0.0,,,,true,,
109.170.206.170,109.170.206.170,109.170.0.0,true,,,,,
80.14.147.172,80.14.147.172,80.14.0.0,,,,true,,
121.160.52.78,121.160.52.78,121.160.0.0,,,,true,,
193.40.58.78,193.40.58.79,193.40.0.0,,,,true,,
115.165.127.174,115.165.127.174,115.165.0.0,,,,true,,
133.125.62.23,133.125.62.23,133.125.0.0,true,,,true,,
63.159.173.18,63.159.173.18,63.159.0.0,,,,true,,
8.53.135.13,8.53.135.13,8.53.0.0,,,,true,,
27.74.240.239,27.74.240.239,27.74.0.0,,,,true,,
172.85.42.167,172.85.42.169,172.85.0.0,true,,,,,
63.41.229.165,63.41.229.165,63.41.0.0,,,,true,,
185.196.206.42,185.196.206.42,185.196.0.0,true,,,true,,
3.9.252.220,3.9.253.37,3.9.0.0,true,,,,,
12.88.217.50,12.88.217.50,12.88.0.0,,,,true,,
14.53.32.183,14.53.32.183,14.53.0.0,,,,true,,
35.168.213.19,35.168.213.88,35.168.0.0,true,,,,,
124.146.127.235,124.146.127.235,124.146.0.0,,,,true,,
162.250.213.104,162.250.213.104,162.250.0.0,,,,true,,
151.84.103.206,151.84.103.206,151.84.0.0,,,,true,,
206.248.215.86,206.248.215.86,206.248.0.0,,,,true,,
62.77.193.29,62.77.193.29,62.77.0.0,true,,,true,,
3.115.158.22,3.115.158.92,3.115.0.0,true,,,,,
45.9.10.132,45.9.10.132,45.9.0.0,true,,,true,,
62.69.44.205,62.69.44.219,62.69.0.0,true,,,,,
45.77.167.155,45.77.167.155,45.77.0.0,true,,,true,,
124.146.226.195,124.146.226.195,124.146.0.0,,,,true,,
187.32.117.64,187.32.117.80,187.32.0.0,,,,true,,
73.124.14.240,73.124.14.240,73.124.0.0,,,,true,,
18.198.142.144,18.198.142.144,18.198.0.0,true,,,true,,
187.143.254.28,187.143.254.28,187.143.0.0,,,,true,,
183.76.230.25,183.76.230.25,183.76.0.0,,,,true,,
185.246.183.218,185.246.183.218,185.246.0.0,,,,true,,
222.106.195.211,222.106.195.211,222.106.0.0,,,,true,,
185.96.177.188,185.96.177.188,185.96.0.0,,,,true,,
113.22.161.59,113.22.161.59,113.22.0.0,,,,true,,
184.56.51.233,184.56.51.233,184.56.0.0,,,,true,,
171.6.25.108,171.6.25.108,171.6.0.0,,,,true,,
77.239.50.253,77.239.50.253,77.239.0.0,,,,true,,
87.140.25.219,87.140.25.219,87.140.0.0,,,,true,,
217.92.63.99,217.92.63.100,217.92.0.0,,,,true,,
91.183.214.124,91.183.214.124,91.183.0.0,,,,true,,
101.34.243.180,101.34.243.180,101.34.0.0,true,,,true,,
188.154.29.132,188.154.29.132,188.154.0.0,,,,true,,
72.255.97.234,72.255.97.234,72.255.0.0,,,,true,,
111.89.20.190,111.89.20.190,111.89.0.0,,,,true,,
85.133.163.8,85.133.163.15,85.133.0.0,,,,true,,
80.147.151.186,80.147.151.186,80.147.0.0,,,,true,,
205.132.83.245,205.132.83.245,205.132.0.0,,,,true,,
185.90.156.179,185.90.156.179,185.90.0.0,,,,true,,
88.159.43.34,88.159.43.34,88.159.0.0,,,,true,,
84.9.34.51,84.9.34.51,84.9.0.0,,,,true,,
79.135.56.13,79.135.56.13,79.135.0.0,true,,,,,
107.152.88.1,107.152.88.1,107.152.0.0,true,,,true,,
5.150.130.180,5.150.130.180,5.150.0.0,true,,,true,,
94.158.93.76,94.158.93.76,94.158.0.0,,,,true,,
185.122.252.143,185.122.252.212,185.122.0.0,true,,,,,
50.74.119.250,50.74.119.250,50.74.0.0,,,,true,,
61.211.32.30,61.211.32.31,61.211.0.0,,,,true,,
202.188.223.118,202.188.223.118,202.188.0.0,,,,true,,
188.118.129.27,188.118.129.27,188.118.0.0,,,,true,,
187.192.175.157,187.192.175.157,187.192.0.0,,,,true,,
61.197.250.172,61.197.250.172,61.197.0.0,,,,true,,
195.162.120.94,195.162.120.94,195.162.0.0,,,,true,,
138.117.73.136,138.117.73.136,138.117.0.0,,,,true,,
73.19.16.35,73.19.16.35,73.19.0.0,,,,true,,
54.205.216.166,54.205.218.169,54.205.0.0,true,,,,,
84.201.250.96,84.201.250.96,84.201.0.0,,,,true,,
27.72.88.230,27.72.88.230,27.72.0.0,,,,true,,
185.22.235.145,185.22.235.145,185.22.0.0,true,,,true,,
77.161.18.182,77.161.18.182,77.161.0.0,,,,true,,
210.19.249.196,210.19.249.196,210.19.0.0,,,,true,,
81.19.11.98,81.19.11.98,81.19.0.0,true,,,true,,
188.95.226.209,188.95.226.209,188.95.0.0,true,,,true,,
50.173.55.174,50.173.55.174,50.173.0.0,,,,true,,
174.45.120.33,174.45.120.33,174.45.0.0,,,,true,,
54.220.62.129,54.220.62.129,54.220.0.0,true,,,true,,
191.222.61.10,191.222.61.10,191.222.0.0,,,,true,,
4.37.216.70,4.37.216.70,4.37.0.0,,,,true,,
13.200.186.237,13.200.186.237,13.200.0.0,true,,,true,,
220.109.178.209,220.109.178.209,220.109.0.0,,,,true,,
203.45.154.134,203.45.154.135,203.45.0.0,,,,true,,
175.237.31.231,175.237.31.231,175.237.0.0,,,,true,,
3.66.60.182,3.66.60.236,3.66.0.0,true,,,,,
149.28.227.24,149.28.227.24,149.28.0.0,true,,,true,,
102.182.68.85,102.182.68.85,102.182.0.0,true,,,true,,
185.144.160.179,185.144.160.179,185.144.0.0,,,,true,,
213.157.109.90,213.157.109.90,213.157.0.0,,,,true,,
91.121.67.151,91.121.67.187,91.121.0.0,true,,,,,
178.151.227.179,178.151.227.250,178.151.0.0,true,,,,,
41.97.8.178,41.97.8.178,41.97.0.0,,,,true,,
213.175.51.26,213.175.51.26,213.175.0.0,,,,true,,
90.103.228.52,90.103.228.52,90.103.0.0,,,,true,,
75.151.186.61,75.151.186.61,75.151.0.0,,,,true,,
91.193.223.66,91.193.223.66,91.193.0.0,,,,true,,
149.143.51.159,149.143.51.159,149.143.0.0,,,,true,,
62.141.0.96,62.141.0.99,62.141.0.0,,,,true,,
46.217.121.86,46.217.121.86,46.217.0.0,,,,true,,
67.52.224.122,67.52.224.122,67.52.0.0,,,,true,,
49.51.247.206,49.51.247.250,49.51.0.0,true,,,,,
206.40.109.158,206.40.109.158,206.40.0.0,,,,true,,
187.16.92.195,187.16.92.201,187.16.0.0,true,,,,,
91.167.206.198,91.167.206.198,91.167.0.0,,,,true,,
1.20.91.221,1.20.91.221,1.20.0.0,,,,true,,
93.39.188.253,93.39.188.253,93.39.0.0,,,,true,,
44.233.68.162,44.233.68.162,44.233.0.0,true,,,true,,
193.110.78.57,193.110.78.57,193.110.0.0,,,,true,,
14.37.223.206,14.37.223.206,14.37.0.0,,,,true,,
185.171.126.61,185.171.126.61,185.171.0.0,true,,,true,,Hotspot Shield
182.158.144.84,182.158.144.86,182.158.0.0,,,,true,,
175.41.182.73,175.41.183.47,175.41.0.0,true,,,,,
104.248.41.185,104.248.41.255,104.248.0.0,true,,,,,
184.70.119.106,184.70.119.106,184.70.0.0,,,,true,,
36.67.65.153,36.67.65.153,36.67.0.0,,,,true,,
176.10.44.116,176.10.44.120,176.10.0.0,,,,true,,
45.16.133.209,45.16.133.209,45.16.0.0,,,,true,,
193.201.17.182,193.201.17.183,193.201.0.0,,,,true,,
216.133.237.128,216.133.237.159,216.133.0.0,true,,,,,
187.41.26.206,187.41.26.206,187.41.0.0,,,,true,,
34.231.2.109,34.231.2.189,34.231.0.0,true,,,,,
96.38.29.138,96.38.29.138,96.38.0.0,,,,true,,
70.60.64.110,70.60.64.110,70.60.0.0,,,,true,,
77.236.216.175,77.236.216.175,77.236.0.0,,,,true,,
173.165.37.21,173.165.37.21,173.165.0.0,,,,true,,
92.202.225.95,92.202.225.95,92.202.0.0,,,,true,,
61.7.55.236,61.7.55.236,61.7.0.0,,,,true,,
50.210.33.113,50.210.33.113,50.210.0.0,,,,true,,
103.168.149.145,103.168.149.145,103.168.0.0,true,,,true,,
108.49.118.102,108.49.118.102,108.49.0.0,,,,true,,
67.85.54.91,67.85.54.91,67.85.0.0,,,,true,,
172.3.76.192,172.3.76.192,172.3.0.0,,,,true,,
159.203.167.194,159.203.167.213,159.203.0.0,true,,,,,
130.93.162.188,130.93.162.188,130.93.0.0,,,,true,,
176.235.99.241,176.235.99.241,176.235.0.0,,,,true,,
109.81.150.116,109.81.150.117,109.81.0.0,,,,true,,
133.232.252.253,133.232.252.253,133.232.0.0,,,,true,,
138.68.81.253,138.68.81.253,138.68.0.0,true,,,true,,
195.62.71.150,195.62.71.150,195.62.0.0,,,,true,,
95.174.110.115,95.174.110.115,95.174.0.0,true,,,true,,
4.53.134.194,4.53.134.194,4.53.0.0,,,,true,,
202.180.30.102,202.180.30.102,202.180.0.0,,,,true,,
193.248.207.57,193.248.207.57,193.248.0.0,,,,true,,
80.251.15.42,80.251.15.42,80.251.0.0,true,,,true,,
99.229.76.101,99.229.76.101,99.229.0.0,,,,true,,
185.16.152.230,185.16.152.230,185.16.0.0,,,,true,,
131.203.75.107,131.203.75.108,131.203.0.0,,,,true,,
81.150.10.65,81.150.10.65,81.150.0.0,,,,true,,
79.250.200.183,79.250.200.183,79.250.0.0,,,,true,,
95.84.215.199,95.84.215.199,95.84.0.0,,,,true,,
122.1.80.137,122.1.80.137,122.1.0.0,,,,true,,
80.209.130.23,80.209.130.23,80.209.0.0,true,,,true,,
52.41.109.133,52.41.110.199,52.41.0.0,true,,,,,
179.111.228.65,179.111.228.65,179.111.0.0,,,,true,,
189.154.80.167,189.154.80.167,189.154.0.0,,,,true,,
173.91.83.2,173.91.83.2,173.91.0.0,,,,true,,
176.132.80.193,176.132.80.193,176.132.0.0,,,,true,,
98.159.29.68,98.159.29.68,98.159.0.0,,,,true,,
125.253.97.75,125.253.97.75,125.253.0.0,,,,true,,
213.61.226.246,213.61.226.246,213.61.0.0,,,,true,,
35.76.49.23,35.76.49.197,35.76.0.0,true,,,,,
58.190.166.103,58.190.166.103,58.190.0.0,,,,true,,
100.21.30.61,100.21.30.61,100.21.0.0,true,,,true,,
47.181.176.91,47.181.176.91,47.181.0.0,,,,true,,
118.59.238.117,118.59.238.117,118.59.0.0,,,,true,,
18.169.37.243,18.169.37.243,18.169.0.0,true,,,true,,
155.133.48.10,155.133.48.10,155.133.0.0,,,,true,,
24.30.248.54,24.30.248.54,24.30.0.0,,,,true,,
148.230.157.55,148.230.157.55,148.230.0.0,,,,true,,
115.113.184.178,115.113.184.178,115.113.0.0,,,,true,,
198.49.182.64,198.49.182.65,198.49.0.0,,,,true,,
190.12.119.8,190.12.119.15,190.12.0.0,true,,,,,
103.133.81.130,103.133.81.130,103.133.0.0,,,,true,,
96.81.42.65,96.81.42.65,96.81.0.0,,,,true,,
185.45.113.230,185.45.113.237,185.45.0.0,true,,,,,
78.159.195.18,78.159.195.18,78.159.0.0,,,,true,,
5.228.143.209,5.228.143.209,5.228.0.0,,,,true,,
18.171.163.157,18.171.163.157,18.171.0.0,true,,,true,,
50.77.94.29,50.77.94.29,50.77.0.0,,,,true,,
217.246.171.73,217.246.171.73,217.246.0.0,,,,true,,
149.19.176.65,149.19.176.65,149.19.0.0,true,,,true,,
193.65.63.75,193.65.63.75,193.65.0.0,,,,true,,
89.204.254.116,89.204.254.116,89.204.0.0,,,,true,,
70.73.231.80,70.73.231.80,70.73.0.0,,,,true,,
176.12.57.28,176.12.57.28,176.12.0.0,,,,true,,
103.23.225.225,103.23.225.225,103.23.0.0,,,,true,,
46.242.30.154,46.242.30.154,46.242.0.0,,,,true,,
94.104.255.86,94.104.255.86,94.104.0.0,,,,true,,
211.90.148.246,211.90.148.246,211.90.0.0,,,,true,,
24.134.211.234,24.134.211.234,24.134.0.0,,,,true,,
90.26.51.106,90.26.51.106,90.26.0.0,,,,true,,
2a0d:87c4::,2a0d:87c4:3fff:ffff:ffff:ffff:ffff:ffff,2a0d:87c4::,true,,,,,
80.14.39.72,80.14.39.72,80.14.0.0,,,,true,,
173.17.52.157,173.17.52.157,173.17.0.0,,,,true,,
79.201.156.32,79.201.156.32,79.201.0.0,,,,true,,
82.176.165.254,82.176.165.254,82.176.0.0,,,,true,,
153.142.202.131,153.142.202.132,153.142.0.0,,,,true,,
52.214.142.95,52.214.142.158,52.214.0.0,true,,,,,
14.239.75.127,14.239.75.127,14.239.0.0,,,,true,,
41.175.208.104,41.175.208.107,41.175.0.0,,,,true,,
98.160.112.240,98.160.112.240,98.160.0.0,,,,true,,
212.118.196.214,212.118.196.214,212.118.0.0,,,,true,,
84.0.20.89,84.0.20.89,84.0.0.0,,,,true,,
198.154.189.148,198.154.189.148,198.154.0.0,true,,,true,,
82.64.232.166,82.64.232.166,82.64.0.0,,,,true,,
175.195.188.79,175.195.188.79,175.195.0.0,,,,true,,
203.67.60.197,203.67.60.197,203.67.0.0,,,,true,,
54.93.222.240,54.93.222.240,54.93.0.0,true,,,true,,
92.247.21.162,92.247.21.162,92.247.0.0,,,,true,,
113.161.179.0,113.161.179.0,113.161.0.0,,,,true,,
14.141.139.186,14.141.139.186,14.141.0.0,,,,true,,
114.24.215.56,114.24.215.56,114.24.0.0,,,,true,,
2603:f4c::,2603:f4c:3fff:ffff:ffff:ffff:ffff:ffff,2603:f4c::,true,,,,,
2a02:2878:c000::,2a02:2878:ffff:ffff:ffff:ffff:ffff:ffff,2a02:2878:c000::,true,,,,,
162.245.182.121,162.245.182.121,162.245.0.0,,,,true,,
62.202.33.139,62.202.33.139,62.202.0.0,,,,true,,
186.218.51.36,186.218.51.36,186.218.0.0,,,,true,,
190.221.46.74,190.221.46.76,190.221.0.0,,,,true,,
99.35.50.132,99.35.50.132,99.35.0.0,,,,true,,
67.53.18.254,67.53.18.254,67.53.0.0,,,,true,,
74.220.239.110,74.220.239.110,74.220.0.0,,,,true,,
187.94.31.151,187.94.31.151,187.94.0.0,,,,true,,
35.182.59.12,35.182.59.68,35.182.0.0,true,,,,,
15.164.32.77,15.164.32.77,15.164.0.0,true,,,true,,
206.74.37.100,206.74.37.100,206.74.0.0,,,,true,,
172.105.59.192,172.105.59.192,172.105.0.0,true,,,true,,
92.154.97.64,92.154.97.64,92.154.0.0,,,,true,,
13.55.213.5,13.55.213.5,13.55.0.0,true,,,true,,
177.67.13.105,177.67.13.105,177.67.0.0,,,,true,,
45.152.30.186,45.152.30.186,45.152.0.0,,,,true,,
66.60.121.90,66.60.121.90,66.60.0.0,true,,,true,,
171.97.203.133,171.97.203.133,171.97.0.0,,,,true,,
123.231.230.130,123.231.230.130,123.231.0.0,,,,true,,
46.102.197.219,46.102.197.219,46.102.0.0,true,,,true,,
119.196.39.30,119.196.39.30,119.196.0.0,,,,true,,
50.33.82.174,50.33.82.174,50.33.0.0,,,,true,,
46.102.218.132,46.102.218.165,46.102.0.0,true,,,,,
136.143.149.5,136.143.149.5,136.143.0.0,,,,true,,
62.99.187.178,62.99.187.178,62.99.0.0,,,,true,,
188.115.31.4,188.115.31.4,188.115.0.0,,,,true,,
184.96.244.229,184.96.244.229,184.96.0.0,,,,true,,
80.199.119.250,80.199.119.250,80.199.0.0,,,,true,,
174.68.208.148,174.68.208.148,174.68.0.0,,,,true,,
66.196.0.62,66.196.0.62,66.196.0.0,,,,true,,
173.239.254.211,173.239.254.211,173.239.0.0,,,,true,,
180.64.72.11,180.64.72.11,180.64.0.0,,,,true,,
160.3.210.36,160.3.210.36,160.3.0.0,,,,true,,
60.251.54.45,60.251.54.45,60.251.0.0,,,,true,,
112.171.253.187,112.171.253.187,112.171.0.0,,,,true,,
181.10.136.99,181.10.136.100,181.10.0.0,,,,true,,
80.152.165.111,80.152.165.111,80.152.0.0,,,,true,,
91.184.201.6,91.184.201.6,91.184.0.0,,,,true,,
5.192.138.156,5.192.138.159,5.192.0.0,,,,true,,
18.118.97.121,18.118.97.125,18.118.0.0,true,,,,,
2600:bcce:4000::,2600:bcce:7fff:ffff:ffff:ffff:ffff:ffff,2600:bcce:4000::,true,,,,,
59.0.120.161,59.0.120.161,59.0.0.0,,,,true,,
203.177.114.75,203.177.114.75,203.177.0.0,,,,true,,
3.20.46.255,3.20.47.38,3.20.0.0,true,,,,,
81.43.69.251,81.43.69.251,81.43.0.0,,,,true,,
195.202.202.61,195.202.202.61,195.202.0.0,,,,true,,
213.93.13.209,213.93.13.209,213.93.0.0,,,,true,,
81.242.154.148,81.242.154.148,81.242.0.0,,,,true,,
67.206.99.9,67.206.99.9,67.206.0.0,,,,true,,
24.1.95.16,24.1.95.16,24.1.0.0,,,,true,,
24.61.174.191,24.61.174.191,24.61.0.0,,,,true,,
37.182.255.254,37.182.255.254,37.182.0.0,,,,true,,
67.180.109.129,67.180.109.129,67.180.0.0,,,,true,,
50.28.18.66,50.28.18.169,50.28.0.0,true,,,,,
81.223.126.4,81.223.126.4,81.223.0.0,,,,true,,
95.44.132.162,95.44.132.162,95.44.0.0,,,,true,,
3.136.55.238,3.136.55.238,3.136.0.0,true,,,true,,
14.72.68.156,14.72.68.156,14.72.0.0,,,,true,,
83.48.39.85,83.48.39.85,83.48.0.0,,,,true,,
72.35.162.170,72.35.162.170,72.35.0.0,,,,true,,
124.156.246.116,124.156.246.116,124.156.0.0,,,,true,,
81.213.182.206,81.213.182.206,81.213.0.0,,,,true,,
186.19.179.167,186.19.179.167,186.19.0.0,,,,true,,
220.215.108.156,220.215.108.156,220.215.0.0,,,,true,,
146.4.88.203,146.4.88.203,146.4.0.0,,,,true,,
147.139.5.225,147.139.5.225,147.139.0.0,true,,,true,,
112.168.46.69,112.168.46.69,112.168.0.0,,,,true,,
199.247.19.27,199.247.19.83,199.247.0.0,true,,,,,
46.140.211.18,46.140.211.18,46.140.0.0,,,,true,,
73.252.220.173,73.252.220.173,73.252.0.0,,,,true,,
34.126.153.3,34.126.153.3,34.126.0.0,true,,,true,,
89.104.98.30,89.104.98.30,89.104.0.0,,,,true,,
90.150.21.167,90.150.21.167,90.150.0.0,,,,true,,
195.151.7.53,195.151.7.53,195.151.0.0,true,,,true,,
223.25.250.5,223.25.250.5,223.25.0.0,,,,true,,
203.140.173.251,203.140.173.251,203.140.0.0,,,,true,,
136.32.133.221,136.32.133.221,136.32.0.0,,,,true,,
23.90.202.242,23.90.202.242,23.90.0.0,true,,,true,,
122.4.209.11,122.4.209.11,122.4.0.0,,,,true,,
69.28.93.139,69.28.93.183,69.28.0.0,true,,,,,
50.29.188.233,50.29.188.255,50.29.0.0,true,,,,,
207.134.170.50,207.134.170.50,207.134.0.0,,,,true,,
86.193.154.202,86.193.154.202,86.193.0.0,,,,true,,
70.25.36.31,70.25.36.31,70.25.0.0,,,,true,,
50.25.137.217,50.25.137.217,50.25.0.0,,,,true,,
79.105.155.149,79.105.155.149,79.105.0.0,,,,true,,
78.20.86.140,78.20.86.140,78.20.0.0,,,,true,,
86.98.23.171,86.98.23.171,86.98.0.0,,,,true,,
24.142.198.18,24.142.198.18,24.142.0.0,,,,true,,
52.209.251.26,52.209.251.26,52.209.0.0,true,,,true,,
195.145.191.212,195.145.191.212,195.145.0.0,,,,true,,
36.230.68.81,36.230.68.81,36.230.0.0,,,,true,,
178.142.73.243,178.142.73.243,178.142.0.0,,,,true,,
95.156.82.242,95.156.82.242,95.156.0.0,,,,true,,
143.244.106.102,143.244.106.102,143.244.0.0,,,,true,,
90.84.232.170,90.84.232.170,90.84.0.0,,,,true,,
220.158.115.103,220.158.115.103,220.158.0.0,,,,true,,
91.240.174.84,91.240.174.84,91.240.0.0,,,,true,,
1.4.195.48,1.4.195.48,1.4.0.0,,,,true,,
78.129.123.102,78.129.123.102,78.129.0.0,,,,true,,
150.239.84.83,150.239.84.124,150.239.0.0,true,,,,,
47.206.242.100,47.206.242.100,47.206.0.0,,,,true,,
62.28.133.212,62.28.133.212,62.28.0.0,,,,true,,
74.195.15.58,74.195.15.58,74.195.0.0,,,,true,,
195.219.224.24,195.219.224.29,195.219.0.0,true,,,,,
222.252.194.46,222.252.194.46,222.252.0.0,,,,true,,
80.120.20.194,80.120.20.194,80.120.0.0,,,,true,,
66.76.143.171,66.76.143.171,66.76.0.0,,,,true,,
62.254.78.138,62.254.78.138,62.254.0.0,,,,true,,
188.119.41.113,188.119.41.113,188.119.0.0,,,,true,,
183.77.83.196,183.77.83.196,183.77.0.0,,,,true,,
46.44.227.150,46.44.227.150,46.44.0.0,true,,,true,,
50.172.3.130,50.172.3.130,50.172.0.0,,,,true,,
203.36.204.216,203.36.204.223,203.36.0.0,,,,true,,
175.156.70.74,175.156.70.74,175.156.0.0,,,,true,,
89.82.245.198,89.82.245.198,89.82.0.0,,,,true,,
220.142.134.38,220.142.134.38,220.142.0.0,,,,true,,
93.149.10.250,93.149.10.250,93.149.0.0,,,,true,,
108.26.55.18,108.26.55.18,108.26.0.0,,,,true,,
128.106.48.82,128.106.48.82,128.106.0.0,,,,true,,
84.191.87.160,84.191.87.160,84.191.0.0,,,,true,,
24.220.12.26,24.220.12.26,24.220.0.0,,,,true,,
47.50.81.190,47.50.81.190,47.50.0.0,,,,true,,
79.242.166.45,79.242.166.45,79.242.0.0,,,,true,,
173.254.193.102,173.254.193.114,173.254.0.0,true,,,,,
68.183.115.47,68.183.115.47,68.183.0.0,true,,,true,,
152.193.44.238,152.193.44.238,152.193.0.0,,,,true,,
14.226.164.115,14.226.164.115,14.226.0.0,,,,true,,
193.178.191.0,193.178.191.255,193.178.0.0,true,,,,,
203.153.192.54,203.153.192.54,203.153.0.0,,,,true,,
84.231.163.49,84.231.163.49,84.231.0.0,,,,true,,
94.141.18.101,94.141.18.110,94.141.0.0,true,,,,,
81.136.233.51,81.136.233.51,81.136.0.0,,,,true,,
54.229.100.12,54.229.100.12,54.229.0.0,true,,,true,,
211.228.140.192,211.228.140.192,211.228.0.0,,,,true,,
94.30.11.129,94.30.11.129,94.30.0.0,true,,,true,,
155.4.97.10,155.4.97.10,155.4.0.0,,,,true,,
72.139.252.182,72.139.252.182,72.139.0.0,,,,true,,
188.32.133.82,188.32.133.82,188.32.0.0,,,,true,,
73.220.137.250,73.220.137.250,73.220.0.0,,,,true,,
188.32.40.8,188.32.40.8,188.32.0.0,,,,true,,
79.61.134.39,79.61.134.39,79.61.0.0,,,,true,,
124.41.213.134,124.41.213.134,124.41.0.0,,,,true,,
95.10.45.172,95.10.45.172,95.10.0.0,,,,true,,
121.236.63.122,121.236.63.122,121.236.0.0,,,,true,,
34.230.255.98,34.230.255.98,34.230.0.0,true,,,true,,
109.63.164.122,109.63.164.122,109.63.0.0,,,,true,,
38.140.175.178,38.140.175.178,38.140.0.0,,,,true,,
81.218.134.16,81.218.134.17,81.218.0.0,,,,true,,
199.96.255.11,199.96.255.11,199.96.0.0,true,,,,,
165.228.74.144,165.228.74.144,165.228.0.0,,,,true,,
184.105.7.0,184.105.7.128,184.105.0.0,true,,,,,
23.90.241.239,23.90.241.241,23.90.0.0,true,,,,,
63.250.101.200,63.250.101.200,63.250.0.0,,,,true,,
173.9.201.37,173.9.201.37,173.9.0.0,,,,true,,
77.44.94.135,77.44.94.155,77.44.0.0,true,,,,,
85.117.35.0,85.117.35.1,85.117.0.0,,,,true,,
3.215.253.226,3.215.253.226,3.215.0.0,true,,,true,,
178.62.9.35,178.62.9.35,178.62.0.0,true,,,true,,
166.0.159.0,166.0.159.255,166.0.0.0,true,,,,,
202.191.155.99,202.191.155.131,202.191.0.0,true,,,,,
45.84.63.147,45.84.63.147,45.84.0.0,,,,true,,
175.229.14.114,175.229.14.114,175.229.0.0,,,,true,,
212.71.248.221,212.71.248.221,212.71.0.0,true,,,true,,
80.14.176.140,80.14.176.140,80.14.0.0,,,,true,,
103.173.101.153,103.173.101.153,103.173.0.0,true,,,true,,
2.35.76.68,2.35.76.68,2.35.0.0,,,,true,,
200.201.114.129,200.201.114.129,200.201.0.0,true,,,true,,
200.73.68.228,200.73.68.228,200.73.0.0,true,,,,,
108.169.184.130,108.169.184.130,108.169.0.0,,,,true,,
115.70.28.118,115.70.28.137,115.70.0.0,true,,,,,
69.42.78.141,69.42.81.11,69.42.0.0,true,,,,,
47.41.184.164,47.41.184.164,47.41.0.0,,,,true,,
79.205.177.44,79.205.177.44,79.205.0.0,,,,true,,
52.198.49.157,52.198.49.157,52.198.0.0,true,,,true,,
91.7.160.60,91.7.160.60,91.7.0.0,,,,true,,
35.135.132.194,35.135.132.194,35.135.0.0,,,,true,,
38.142.100.2,38.142.100.2,38.142.0.0,,,,true,,
103.114.91.179,103.114.91.179,103.114.0.0,,,,true,,
213.229.43.130,213.229.43.130,213.229.0.0,,,,true,,
52.26.197.199,52.26.197.199,52.26.0.0,true,,,true,,
67.9.106.110,67.9.106.110,67.9.0.0,,,,true,,
153.196.52.37,153.196.52.37,153.196.0.0,,,,true,,
90.102.78.41,90.102.78.41,90.102.0.0,,,,true,,
91.241.32.129,91.241.32.129,91.241.0.0,,,,true,,
175.138.25.251,175.138.25.251,175.138.0.0,,,,true,,
92.63.177.70,92.63.177.70,92.63.0.0,true,,,true,,
93.55.89.235,93.55.89.235,93.55.0.0,,,,true,,
82.69.118.235,82.69.118.235,82.69.0.0,,,,true,,
111.249.3.155,111.249.3.155,111.249.0.0,,,,true,,
183.180.71.168,183.180.71.168,183.180.0.0,,,,true,,
82.99.33.233,82.99.33.233,82.99.0.0,true,,,true,,
184.70.45.70,184.70.45.70,184.70.0.0,,,,true,,
122.130.91.79,122.130.91.79,122.130.0.0,,,,true,,
94.141.61.6,94.141.61.6,94.141.0.0,,,,true,,
82.189.110.178,82.189.110.178,82.189.0.0,,,,true,,
186.209.74.19,186.209.74.19,186.209.0.0,,,,true,,
207.144.100.226,207.144.100.226,207.144.0.0,,,,true,,
125.30.60.104,125.30.60.104,125.30.0.0,,,,true,,
2.139.194.164,2.139.194.164,2.139.0.0,,,,true,,
82.79.245.156,82.79.245.156,82.79.0.0,,,,true,,
115.23.93.59,115.23.93.59,115.23.0.0,,,,true,,
136.38.202.59,136.38.202.59,136.38.0.0,,,,true,,
203.160.191.79,203.160.191.115,203.160.0.0,true,,,,,
193.158.103.206,193.158.103.206,193.158.0.0,,,,true,,
188.118.44.117,188.118.44.117,188.118.0.0,,,,true,,
79.220.70.10,79.220.70.10,79.220.0.0,,,,true,,
195.210.144.178,195.210.144.178,195.210.0.0,,,,true,,
45.91.81.15,45.91.81.15,45.91.0.0,true,,,true,,
70.89.243.17,70.89.243.17,70.89.0.0,,,,true,,
210.211.20.53,210.211.20.53,210.211.0.0,,,,true,,
117.121.220.242,117.121.220.242,117.121.0.0,,,,true,,
83.173.245.70,83.173.245.70,83.173.0.0,,,,true,,
171.6.12.109,171.6.12.109,171.6.0.0,,,,true,,
35.154.57.229,35.154.57.239,35.154.0.0,true,,,,,
122.148.236.131,122.148.236.131,122.148.0.0,,,,true,,
95.9.243.11,95.9.243.11,95.9.0.0,,,,true,,
76.80.35.6,76.80.35.6,76.80.0.0,,,,true,,
117.52.63.124,117.52.63.124,117.52.0.0,true,,,true,,
93.240.168.188,93.240.168.190,93.240.0.0,,,,true,,
104.253.98.26,104.253.98.26,104.253.0.0,true,,,true,,
177.55.177.54,177.55.177.54,177.55.0.0,,,,true,,
153.142.74.11,153.142.74.11,153.142.0.0,,,,true,,
178.79.180.57,178.79.180.57,178.79.0.0,true,,,true,,
47.226.35.143,47.226.35.143,47.226.0.0,,,,true,,
164.52.51.163,164.52.51.164,164.52.0.0,true,,,true,,
18.199.3.195,18.199.3.195,18.199.0.0,true,,,true,,
185.51.112.226,185.51.112.226,185.51.0.0,,,,true,,
191.215.247.250,191.215.247.250,191.215.0.0,,,,true,,
69.120.9.204,69.120.9.204,69.120.0.0,,,,true,,
80.121.173.102,80.121.173.102,80.121.0.0,,,,true,,
45.150.140.82,45.150.140.82,45.150.0.0,,,,true,,
41.141.255.240,41.141.255.240,41.141.0.0,,,,true,,
90.24.134.189,90.24.134.189,90.24.0.0,,,,true,,
180.18.90.149,180.18.90.149,180.18.0.0,,,,true,,
188.138.104.154,188.138.104.154,188.138.0.0,true,true,,,,
74.112.116.204,74.112.116.204,74.112.0.0,,,,true,,
212.86.51.175,212.86.51.251,212.86.0.0,true,,,,,
89.105.6.122,89.105.6.122,89.105.0.0,,,,true,,
70.88.227.1,70.88.227.1,70.88.0.0,,,,true,,
73.253.126.156,73.253.126.156,73.253.0.0,,,,true,,
164.39.147.216,164.39.147.216,164.39.0.0,,,,true,,
91.48.211.196,91.48.211.196,91.48.0.0,,,,true,,
82.152.150.109,82.152.150.109,82.152.0.0,,,,true,,
175.240.158.109,175.240.158.109,175.240.0.0,,,,true,,
126.249.57.222,126.249.57.222,126.249.0.0,,,,true,,
5.76.30.123,5.76.30.123,5.76.0.0,,,,true,,
185.131.62.156,185.131.62.156,185.131.0.0,true,,,true,,
44.237.14.214,44.237.14.214,44.237.0.0,true,,,true,,
98.245.49.253,98.245.49.253,98.245.0.0,,,,true,,
50.202.136.192,50.202.136.207,50.202.0.0,,,,true,,
173.180.38.33,173.180.38.33,173.180.0.0,,,,true,,
39.109.174.176,39.109.174.176,39.109.0.0,,,,true,,
98.0.180.141,98.0.180.141,98.0.0.0,,,,true,,
218.41.32.222,218.41.32.222,218.41.0.0,,,,true,,
31.19.75.198,31.19.75.198,31.19.0.0,,,,true,,
71.3.66.114,71.3.66.114,71.3.0.0,,,,true,,
2a00:f4b:c000::,2a00:f4b:ffff:ffff:ffff:ffff:ffff:ffff,2a00:f4b:c000::,true,,,,,
13.113.152.101,13.113.152.101,13.113.0.0,true,,,true,,
72.200.166.133,72.200.166.133,72.200.0.0,,,,true,,
90.70.19.75,90.70.19.75,90.70.0.0,,,,true,,
72.2.1.254,72.2.1.254,72.2.0.0,,,,true,,
216.7.47.149,216.7.47.149,216.7.0.0,,,,true,,
213.3.45.49,213.3.45.49,213.3.0.0,,,,true,,
50.76.39.209,50.76.39.209,50.76.0.0,,,,true,,
2a13:9347:4000::,2a13:9347:7fff:ffff:ffff:ffff:ffff:ffff,2a13:9347:4000::,true,,,,,
115.31.153.213,115.31.153.213,115.31.0.0,,,,true,,
177.9.114.97,177.9.114.97,177.9.0.0,,,,true,,
90.85.97.85,90.85.97.85,90.85.0.0,,,,true,,
24.151.104.113,24.151.104.113,24.151.0.0,,,,true,,
20.230.107.231,20.230.107.231,20.230.0.0,,,,true,,
58.179.186.242,58.179.186.242,58.179.0.0,,,,true,,
31.156.7.251,31.156.7.252,31.156.0.0,,,,true,,
80.243.255.227,80.243.255.227,80.243.0.0,,,,true,,
99.42.122.153,99.42.122.153,99.42.0.0,,,,true,,
178.192.60.221,178.192.60.221,178.192.0.0,,,,true,,
202.137.134.142,202.137.134.142,202.137.0.0,,,,true,,
85.204.23.110,85.204.23.110,85.204.0.0,,,,true,,
61.113.233.25,61.113.233.25,61.113.0.0,,,,true,,
50.212.228.73,50.212.228.73,50.212.0.0,,,,true,,
2607:f858:8000::,2607:f858:bfff:ffff:ffff:ffff:ffff:ffff,2607:f858:8000::,true,,,,,
91.228.172.134,91.228.172.134,91.228.0.0,,,,true,,
115.144.88.200,115.144.88.207,115.144.0.0,,,,true,,
14.87.185.241,14.87.185.241,14.87.0.0,,,,true,,
188.72.67.195,188.72.67.195,188.72.0.0,,,,true,,
3.97.83.120,3.97.83.120,3.97.0.0,true,,,true,,
210.151.144.9,210.151.144.9,210.151.0.0,,,,true,,
96.86.95.33,96.86.95.33,96.86.0.0,,,,true,,
51.15.75.128,51.15.75.128,51.15.0.0,true,,,true,,
62.68.148.150,62.68.148.151,62.68.0.0,,,,true,,
150.239.86.31,150.239.86.90,150.239.0.0,true,,,,,
185.155.129.126,185.155.130.62,185.155.0.0,true,,,,,
70.93.252.207,70.93.252.207,70.93.0.0,,,,true,,
14.72.253.217,14.72.253.217,14.72.0.0,,,,true,,
13.39.3.160,13.39.3.160,13.39.0.0,true,,,true,,
143.255.197.250,143.255.197.250,143.255.0.0,,,,true,,
203.158.47.189,203.158.47.189,203.158.0.0,,,,true,,
109.250.25.131,109.250.25.131,109.250.0.0,,,,true,,
93.99.225.152,93.99.225.155,93.99.0.0,,,,true,,
69.122.22.65,69.122.22.65,69.122.0.0,,,,true,,
212.7.205.123,212.7.205.123,212.7.0.0,true,,,true,,
15.205.92.190,15.205.93.134,15.205.0.0,true,,,,,
98.50.1.93,98.50.1.93,98.50.0.0,,,,true,,
173.219.82.178,173.219.82.178,173.219.0.0,,,,true,,
51.15.69.105,51.15.69.105,51.15.0.0,true,,,true,,
2a07:b444:8000::,2a07:b444:bfff:ffff:ffff:ffff:ffff:ffff,2a07:b444:8000::,true,,,,,
44.208.45.234,44.208.45.234,44.208.0.0,true,,,true,,
3.232.146.239,3.232.146.239,3.232.0.0,true,,,true,,
185.163.41.18,185.163.41.18,185.163.0.0,,,,true,,
185.72.66.70,185.72.66.70,185.72.0.0,true,,,true,,
82.137.59.39,82.137.59.39,82.137.0.0,,,,true,,
83.173.207.140,83.173.207.140,83.173.0.0,,,,true,,
59.24.185.253,59.24.185.253,59.24.0.0,,,,true,,
84.94.200.162,84.94.200.162,84.94.0.0,,,,true,,
83.211.12.251,83.211.13.9,83.211.0.0,true,,,,,
37.18.247.48,37.18.247.63,37.18.0.0,,,,true,,
70.90.249.173,70.90.249.173,70.90.0.0,,,,true,,
14.200.143.86,14.200.143.86,14.200.0.0,,,,true,,
91.203.147.154,91.203.147.158,91.203.0.0,,,,true,,
217.19.69.249,217.19.69.254,217.19.0.0,,,,true,,
31.195.80.122,31.195.80.122,31.195.0.0,,,,true,,
1.171.196.130,1.171.196.130,1.171.0.0,,,,true,,
70.91.129.45,70.91.129.45,70.91.0.0,,,,true,,
77.237.95.200,77.237.95.200,77.237.0.0,true,,,true,,
39.123.96.0,39.123.96.15,39.123.0.0,,,,true,,
118.67.136.36,118.67.159.255,118.67.0.0,true,,,,,
94.209.79.70,94.209.79.70,94.209.0.0,,,,true,,
153.136.150.206,153.136.150.206,153.136.0.0,,,,true,,
217.83.101.62,217.83.101.62,217.83.0.0,,,,true,,
217.128.153.143,217.128.153.143,217.128.0.0,,,,true,,
82.64.231.53,82.64.231.54,82.64.0.0,,,,true,,
180.150.28.61,180.150.28.61,180.150.0.0,,,,true,,
85.105.104.116,85.105.104.116,85.105.0.0,,,,true,,
50.236.43.84,50.236.43.84,50.236.0.0,,,,true,,
54.73.10.136,54.73.10.136,54.73.0.0,true,,,true,,
160.3.193.227,160.3.193.227,160.3.0.0,,,,true,,
193.109.22.108,193.109.22.108,193.109.0.0,,,,true,,
2a05:1a0b:4000::,2a05:1a0b:7fff:ffff:ffff:ffff:ffff:ffff,2a05:1a0b:4000::,true,,,,,
134.209.46.55,134.209.46.55,134.209.0.0,true,,,true,,
209.50.8.222,209.50.8.222,209.50.0.0,,,,true,,
95.72.174.0,95.72.174.15,95.72.0.0,,,,true,,
37.204.150.225,37.204.150.225,37.204.0.0,,,,true,,
220.221.120.117,220.221.120.117,220.221.0.0,,,,true,,
95.142.85.155,95.142.85.155,95.142.0.0,,,,true,,
2600:70f8:c000::,2600:70f8:ffff:ffff:ffff:ffff:ffff:ffff,2600:70f8:c000::,true,,,,,
82.138.205.242,82.138.205.242,82.138.0.0,,,,true,,
52.26.146.161,52.26.146.161,52.26.0.0,true,,,true,,
217.116.61.155,217.116.61.158,217.116.0.0,,,,true,,
51.174.128.84,51.174.128.84,51.174.0.0,,,,true,,
106.178.242.192,106.178.242.192,106.178.0.0,,,,true,,
87.142.230.124,87.142.230.124,87.142.0.0,,,,true,,
52.192.88.249,52.192.92.19,52.192.0.0,true,,,,,
80.152.166.52,80.152.166.52,80.152.0.0,,,,true,,
87.103.105.93,87.103.105.93,87.103.0.0,,,,true,,
103.2.171.155,103.2.171.155,103.2.0.0,,,,true,,
3.72.176.73,3.72.177.223,3.72.0.0,true,,,,,
3.97.239.110,3.97.239.110,3.97.0.0,true,,,true,,
44.206.47.184,44.206.47.184,44.206.0.0,true,,,true,,
18.221.188.18,18.221.188.60,18.221.0.0,true,,,,,
81.29.129.198,81.29.129.198,81.29.0.0,true,,,true,,
103.65.25.20,103.65.25.20,103.65.0.0,true,,,true,,
65.18.112.82,65.18.112.82,65.18.0.0,,,,true,,
128.65.201.138,128.65.201.138,128.65.0.0,,,,true,,
192.143.49.11,192.143.49.11,192.143.0.0,true,,,true,,
187.72.148.243,187.72.148.243,187.72.0.0,,,,true,,
82.152.188.50,82.152.188.50,82.152.0.0,,,,true,,
197.227.13.234,197.227.13.234,197.227.0.0,,,,true,,
178.124.148.96,178.124.148.103,178.124.0.0,,,,true,,
5.12.210.192,5.12.210.192,5.12.0.0,,,,true,,
23.157.88.91,23.157.88.91,23.157.0.0,true,,,true,,
212.104.156.202,212.104.156.202,212.104.0.0,,,,true,,
160.2.49.45,160.2.49.45,160.2.0.0,,,,true,,
178.192.92.234,178.192.92.234,178.192.0.0,,,,true,,
188.83.233.24,188.83.233.24,188.83.0.0,,,,true,,
3.227.44.35,3.227.45.123,3.227.0.0,true,,,,,
